{"name":"! __kf","children":[{"class":"player","position":{"x":-16,"y":48,"z":0},"rotation":{"x":0,"y":0,"z":-7.86364223853177},"scale":{"x":16,"y":16,"z":16},"isStatic":false,"friction":0},{"class":"cube","position":{"x":-16,"y":-48,"z":0},"rotation":{"x":0,"y":0,"z":0},"scale":{"x":"32","y":16,"z":"12"}},{"class":"cube","position":{"x":0,"y":-48,"z":0},"rotation":{"x":0,"y":0,"z":0.2617993877991494},"scale":{"x":"512","y":16,"z":"12"}},{"class":"cube","position":{"x":312,"y":16,"z":0},"rotation":{"x":0,"y":0,"z":0},"scale":{"x":"136","y":16,"z":16}},{"class":"direction","position":{"x":320,"y":16,"z":0},"rotation":{"x":0,"y":0,"z":-1.5707963267948966},"scale":{"x":16,"y":16,"z":16}},{"class":"cube","position":{"x":368,"y":128,"z":0},"rotation":{"x":0,"y":0,"z":-1.8325957145940461},"scale":{"x":"56","y":16,"z":16}},{"class":"cube","position":{"x":360,"y":72,"z":0},"rotation":{"x":0,"y":0,"z":-1.5707963267948966},"scale":{"x":"56","y":16,"z":16}},{"class":"cube","position":{"x":416,"y":208,"z":0},"rotation":{"x":0,"y":0,"z":-2.356194490192345},"scale":{"x":"56","y":16,"z":16}},{"class":"cube","position":{"x":384,"y":168,"z":0},"rotation":{"x":0,"y":0,"z":-2.0943951023931953},"scale":{"x":"56","y":16,"z":16}},{"class":"cube","position":{"x":456,"y":240,"z":0},"rotation":{"x":0,"y":0,"z":-2.6179938779914944},"scale":{"x":"56","y":16,"z":16}},{"class":"gravity","position":{"x":392,"y":16,"z":0},"rotation":{"x":0,"y":0,"z":-3.141592653589793},"scale":{"x":16,"y":16,"z":"20"}},{"class":"cube","position":{"x":496,"y":256,"z":0},"rotation":{"x":0,"y":0,"z":-2.8797932657906435},"scale":{"x":"56","y":16,"z":16}},{"class":"cube","position":{"x":632,"y":264,"z":0},"rotation":{"x":0,"y":0,"z":-3.141592653589793},"scale":{"x":"240","y":16,"z":16}},{"class":"cube","position":{"x":768,"y":312,"z":0},"rotation":{"x":0,"y":0,"z":0},"scale":{"x":"64","y":16,"z":16}},{"class":"cube","position":{"x":744,"y":288,"z":0},"rotation":{"x":0,"y":0,"z":-1.5707963267948966},"scale":{"x":"56","y":16,"z":16}},{"class":"gravity","position":{"x":768,"y":288,"z":0},"rotation":{"x":0,"y":0,"z":0},"scale":{"x":16,"y":16,"z":16}},{"class":"cube","position":{"x":784,"y":-24,"z":0},"rotation":{"x":0,"y":0,"z":-1.8325957145940461},"scale":{"x":"56","y":16,"z":16}},{"class":"cube","position":{"x":768,"y":-64,"z":0},"rotation":{"x":0,"y":0,"z":-2.0943951023931953},"scale":{"x":"56","y":16,"z":16}},{"class":"cube","position":{"x":744,"y":-96,"z":0},"rotation":{"x":0,"y":0,"z":-2.356194490192345},"scale":{"x":"56","y":16,"z":16}},{"class":"cube","position":{"x":704,"y":-128,"z":0},"rotation":{"x":0,"y":0,"z":-2.6179938779914944},"scale":{"x":"56","y":16,"z":16}},{"class":"cube","position":{"x":664,"y":-144,"z":0},"rotation":{"x":0,"y":0,"z":-2.8797932657906435},"scale":{"x":"56","y":16,"z":16}},{"class":"cube","position":{"x":616,"y":-152,"z":0},"rotation":{"x":0,"y":0,"z":-3.141592653589793},"scale":{"x":"56","y":16,"z":16}},{"class":"cube","position":{"x":528,"y":-192,"z":0},"rotation":{"x":0,"y":0,"z":-1.5707963267948966},"scale":{"x":"64","y":16,"z":16}},{"class":"cube","position":{"x":568,"y":-216,"z":0},"rotation":{"x":0,"y":0,"z":-3.141592653589793},"scale":{"x":"64","y":16,"z":16}},{"class":"cube","position":{"x":592,"y":-176,"z":0},"rotation":{"x":0,"y":0,"z":-1.5707963267948966},"scale":{"x":"64","y":16,"z":16}},{"class":"cube","position":{"x":528,"y":-88,"z":0},"rotation":{"x":0,"y":0,"z":0},"scale":{"x":"16","y":"152","z":16}},{"class":"cube","position":{"x":536,"y":0,"z":0},"rotation":{"x":0,"y":0,"z":-2.0943951023931953},"scale":{"x":"48","y":16,"z":16}},{"class":"cube","position":{"x":568,"y":24,"z":0},"rotation":{"x":0,"y":0,"z":-2.8797932657906435},"scale":{"x":"48","y":16,"z":16}},{"class":"cube","position":{"x":608,"y":32,"z":0},"rotation":{"x":0,"y":0,"z":-3.141592653589793},"scale":{"x":"48","y":16,"z":16}},{"class":"cube","position":{"x":640,"y":32,"z":0},"rotation":{"x":0,"y":0,"z":0},"scale":{"x":16,"y":16,"z":16}},{"class":"cube","position":{"x":648,"y":32,"z":0},"rotation":{"x":0,"y":0,"z":0},"scale":{"x":16,"y":16,"z":16}},{"class":"cube","position":{"x":664,"y":32,"z":0},"rotation":{"x":0,"y":0,"z":0},"scale":{"x":16,"y":16,"z":16}},{"class":"cube","position":{"x":680,"y":32,"z":0},"rotation":{"x":0,"y":0,"z":0},"scale":{"x":16,"y":16,"z":16}},{"class":"cube","position":{"x":712,"y":32,"z":0},"rotation":{"x":0,"y":0,"z":0},"scale":{"x":16,"y":16,"z":16}},{"class":"cube","position":{"x":728,"y":32,"z":0},"rotation":{"x":0,"y":0,"z":0},"scale":{"x":16,"y":16,"z":16}},{"class":"cube","position":{"x":792,"y":0,"z":0},"rotation":{"x":0,"y":0,"z":0},"scale":{"x":16,"y":16,"z":16}},{"class":"cube","position":{"x":792,"y":64,"z":0},"rotation":{"x":0,"y":0,"z":0},"scale":{"x":16,"y":16,"z":16}},{"class":"cube","position":{"x":792,"y":80,"z":0},"rotation":{"x":0,"y":0,"z":0},"scale":{"x":16,"y":16,"z":16}},{"class":"cube","position":{"x":792,"y":104,"z":0},"rotation":{"x":0,"y":0,"z":0},"scale":{"x":16,"y":16,"z":16}},{"class":"cube","position":{"x":792,"y":120,"z":0},"rotation":{"x":0,"y":0,"z":0},"scale":{"x":16,"y":16,"z":16}},{"class":"cube","position":{"x":792,"y":136,"z":0},"rotation":{"x":0,"y":0,"z":0},"scale":{"x":16,"y":16,"z":16}},{"class":"cube","position":{"x":792,"y":160,"z":0},"rotation":{"x":0,"y":0,"z":0},"scale":{"x":16,"y":16,"z":16}},{"class":"cube","position":{"x":792,"y":176,"z":0},"rotation":{"x":0,"y":0,"z":0},"scale":{"x":16,"y":16,"z":16}},{"class":"cube","position":{"x":792,"y":152,"z":0},"rotation":{"x":0,"y":0,"z":0},"scale":{"x":16,"y":16,"z":16}},{"class":"cube","position":{"x":792,"y":96,"z":0},"rotation":{"x":0,"y":0,"z":0},"scale":{"x":16,"y":16,"z":16}},{"class":"cube","position":{"x":792,"y":248,"z":0},"rotation":{"x":0,"y":0,"z":0},"scale":{"x":"16","y":"136","z":16}},{"class":"gravity","position":{"x":560,"y":-192,"z":0},"rotation":{"x":0,"y":0,"z":-3.141592653589793},"scale":{"x":16,"y":16,"z":16}},{"class":"cube","position":{"x":1056,"y":0,"z":0},"rotation":{"x":0,"y":0,"z":0},"scale":{"x":"512","y":16,"z":16}},{"class":"cube","position":{"x":1472,"y":-32,"z":0},"rotation":{"x":0,"y":0,"z":-0.7853981633974483},"scale":{"x":"104","y":16,"z":16}},{"class":"cube","position":{"x":1472,"y":32,"z":0},"rotation":{"x":0,"y":0,"z":-0.7853981633974483},"scale":{"x":"104","y":16,"z":16}},{"class":"cube","position":{"x":1056,"y":64,"z":0},"rotation":{"x":0,"y":0,"z":0},"scale":{"x":"512","y":16,"z":16}},{"class":"cube","position":{"x":1408,"y":-32,"z":0},"rotation":{"x":0,"y":0,"z":-2.356194490192345},"scale":{"x":"104","y":16,"z":16}},{"class":"cube","position":{"x":1408,"y":32,"z":0},"rotation":{"x":0,"y":0,"z":-2.356194490192345},"scale":{"x":"104","y":16,"z":16}},{"class":"cube","position":{"x":1344,"y":32,"z":0},"rotation":{"x":0,"y":0,"z":-0.7853981633974483},"scale":{"x":"104","y":16,"z":16}},{"class":"cube","position":{"x":1344,"y":-32,"z":0},"rotation":{"x":0,"y":0,"z":-0.7853981633974483},"scale":{"x":"104","y":16,"z":16}},{"class":"gravity","position":{"x":1648,"y":-24,"z":0},"rotation":{"x":0,"y":0,"z":1.5707963267948966},"scale":{"x":16,"y":16,"z":16}},{"class":"cube","position":{"x":1672,"y":-152,"z":0},"rotation":{"x":0,"y":0,"z":-1.3089969389957472},"scale":{"x":"176","y":16,"z":16}},{"class":"cube","position":{"x":1744,"y":-88,"z":0},"rotation":{"x":0,"y":0,"z":-1.8325957145940461},"scale":{"x":"176","y":16,"z":16}},{"class":"cube","position":{"x":1768,"y":-152,"z":0},"rotation":{"x":0,"y":0,"z":-1.8325957145940461},"scale":{"x":"176","y":16,"z":16}},{"class":"cube","position":{"x":1648,"y":-8,"z":0},"rotation":{"x":0,"y":0,"z":0},"scale":{"x":"72","y":16,"z":16}},{"class":"cube","position":{"x":1528,"y":-152,"z":0},"rotation":{"x":0,"y":0,"z":-1.3089969389957472},"scale":{"x":"176","y":16,"z":16}},{"class":"cube","position":{"x":1696,"y":-88,"z":0},"rotation":{"x":0,"y":0,"z":-1.3089969389957472},"scale":{"x":"176","y":16,"z":16}},{"class":"cube","position":{"x":1720,"y":-232,"z":0},"rotation":{"x":0,"y":0,"z":0},"scale":{"x":"72","y":16,"z":16}},{"class":"cube","position":{"x":1552,"y":-88,"z":0},"rotation":{"x":0,"y":0,"z":-1.3089969389957472},"scale":{"x":"176","y":16,"z":16}},{"class":"cube","position":{"x":1576,"y":-232,"z":0},"rotation":{"x":0,"y":0,"z":0},"scale":{"x":"72","y":16,"z":16}},{"class":"cube","position":{"x":1600,"y":-88,"z":0},"rotation":{"x":0,"y":0,"z":-1.8325957145940461},"scale":{"x":"176","y":16,"z":16}},{"class":"cube","position":{"x":1624,"y":-152,"z":0},"rotation":{"x":0,"y":0,"z":-1.8325957145940461},"scale":{"x":"176","y":16,"z":16}},{"class":"cube","position":{"x":1520,"y":0,"z":0},"rotation":{"x":0,"y":0,"z":0},"scale":{"x":"32","y":16,"z":16}},{"class":"cube","position":{"x":1896,"y":-264,"z":0},"rotation":{"x":0,"y":0,"z":0},"scale":{"x":"272","y":16,"z":16}},{"class":"cube","position":{"x":1896,"y":-8,"z":0},"rotation":{"x":0,"y":0,"z":0},"scale":{"x":"272","y":16,"z":16}},{"class":"cube","position":{"x":1792,"y":-168,"z":0},"rotation":{"x":0,"y":0,"z":0},"scale":{"x":16,"y":"200","z":16}},{"class":"cube","position":{"x":1768,"y":-224,"z":0},"rotation":{"x":0,"y":0,"z":0},"scale":{"x":"16","y":"88","z":16}},{"class":"cube","position":{"x":1768,"y":-176,"z":0},"rotation":{"x":0,"y":0,"z":0},"scale":{"x":16,"y":16,"z":16}},{"class":"cube","position":{"x":1768,"y":-160,"z":0},"rotation":{"x":0,"y":0,"z":0},"scale":{"x":16,"y":16,"z":16}},{"class":"cube","position":{"x":2024,"y":-24,"z":0},"rotation":{"x":0,"y":0,"z":0},"scale":{"x":16,"y":16,"z":16}},{"class":"cube","position":{"x":2024,"y":-40,"z":0},"rotation":{"x":0,"y":0,"z":0},"scale":{"x":16,"y":16,"z":16}},{"class":"cube","position":{"x":2024,"y":-168,"z":0},"rotation":{"x":0,"y":0,"z":0},"scale":{"x":16,"y":"176","z":16}},{"class":"cube","position":{"x":1952,"y":-24,"z":0},"rotation":{"x":0,"y":0,"z":-0.2617993877991494},"scale":{"x":"184","y":16,"z":16}},{"class":"cube","position":{"x":1840,"y":-160,"z":0},"rotation":{"x":0,"y":0,"z":-1.5707963267948966},"scale":{"x":"128","y":16,"z":16}},{"class":"cube","position":{"x":1912,"y":-224,"z":0},"rotation":{"x":0,"y":0,"z":0},"scale":{"x":"160","y":16,"z":16}},{"class":"cube","position":{"x":1840,"y":-72,"z":0},"rotation":{"x":0,"y":0,"z":0},"scale":{"x":16,"y":16,"z":16}},{"class":"cube","position":{"x":1840,"y":-24,"z":0},"rotation":{"x":0,"y":0,"z":0},"scale":{"x":16,"y":16,"z":16}},{"class":"cube","position":{"x":1840,"y":-48,"z":0},"rotation":{"x":0,"y":0,"z":0},"scale":{"x":16,"y":16,"z":16}},{"class":"gravity","position":{"x":2000,"y":-240,"z":0},"rotation":{"x":0,"y":0,"z":3.141592653589793},"scale":{"x":16,"y":16,"z":16}},{"class":"gravity","position":{"x":1816,"y":-240,"z":0},"rotation":{"x":0,"y":0,"z":1.5707963267948966},"scale":{"x":16,"y":16,"z":16}},{"class":"gravity","position":{"x":1864,"y":-64,"z":0},"rotation":{"x":0,"y":0,"z":1.5707963267948966},"scale":{"x":16,"y":16,"z":16}},{"class":"gravity","position":{"x":1864,"y":-32,"z":0},"rotation":{"x":0,"y":0,"z":1.5707963267948966},"scale":{"x":16,"y":16,"z":16}},{"class":"cube","position":{"x":2040,"y":-80,"z":0},"rotation":{"x":0,"y":0,"z":0},"scale":{"x":16,"y":16,"z":16}},{"class":"cube","position":{"x":2040,"y":-40,"z":0},"rotation":{"x":0,"y":0,"z":0},"scale":{"x":16,"y":16,"z":16}},{"class":"cube","position":{"x":2048,"y":-40,"z":0},"rotation":{"x":0,"y":0,"z":0},"scale":{"x":16,"y":16,"z":16}},{"class":"cube","position":{"x":2056,"y":-80,"z":0},"rotation":{"x":0,"y":0,"z":0},"scale":{"x":16,"y":16,"z":16}},{"class":"cube","position":{"x":2072,"y":-80,"z":0},"rotation":{"x":0,"y":0,"z":0},"scale":{"x":16,"y":16,"z":16}},{"class":"cube","position":{"x":2088,"y":-80,"z":0},"rotation":{"x":0,"y":0,"z":0},"scale":{"x":16,"y":16,"z":16}},{"class":"cube","position":{"x":2112,"y":-80,"z":0},"rotation":{"x":0,"y":0,"z":0},"scale":{"x":16,"y":16,"z":16}},{"class":"cube","position":{"x":2136,"y":-80,"z":0},"rotation":{"x":0,"y":0,"z":0},"scale":{"x":16,"y":16,"z":16}},{"class":"cube","position":{"x":2160,"y":-88,"z":0},"rotation":{"x":0,"y":0,"z":0},"scale":{"x":16,"y":16,"z":16}},{"class":"cube","position":{"x":2064,"y":-40,"z":0},"rotation":{"x":0,"y":0,"z":0},"scale":{"x":16,"y":16,"z":16}},{"class":"cube","position":{"x":2080,"y":-40,"z":0},"rotation":{"x":0,"y":0,"z":0},"scale":{"x":16,"y":16,"z":16}},{"class":"cube","position":{"x":2096,"y":-48,"z":0},"rotation":{"x":0,"y":0,"z":0},"scale":{"x":16,"y":16,"z":16}},{"class":"cube","position":{"x":2120,"y":-48,"z":0},"rotation":{"x":0,"y":0,"z":0},"scale":{"x":16,"y":16,"z":16}},{"class":"cube","position":{"x":2144,"y":-48,"z":0},"rotation":{"x":0,"y":0,"z":0},"scale":{"x":16,"y":16,"z":16}},{"class":"cube","position":{"x":2168,"y":-48,"z":0},"rotation":{"x":0,"y":0,"z":0},"scale":{"x":16,"y":16,"z":16}},{"class":"cube","position":{"x":2192,"y":-48,"z":0},"rotation":{"x":0,"y":0,"z":0},"scale":{"x":16,"y":16,"z":16}},{"class":"cube","position":{"x":2208,"y":-64,"z":0},"rotation":{"x":0,"y":0,"z":0},"scale":{"x":16,"y":16,"z":16}},{"class":"cube","position":{"x":2208,"y":-88,"z":0},"rotation":{"x":0,"y":0,"z":0},"scale":{"x":16,"y":16,"z":16}},{"class":"cube","position":{"x":2208,"y":-112,"z":0},"rotation":{"x":0,"y":0,"z":0},"scale":{"x":16,"y":16,"z":16}},{"class":"cube","position":{"x":2176,"y":-96,"z":0},"rotation":{"x":0,"y":0,"z":0},"scale":{"x":16,"y":16,"z":16}},{"class":"cube","position":{"x":2176,"y":-120,"z":0},"rotation":{"x":0,"y":0,"z":0},"scale":{"x":16,"y":16,"z":16}},{"class":"cube","position":{"x":2176,"y":-144,"z":0},"rotation":{"x":0,"y":0,"z":0},"scale":{"x":16,"y":16,"z":16}},{"class":"cube","position":{"x":2208,"y":-136,"z":0},"rotation":{"x":0,"y":0,"z":0},"scale":{"x":16,"y":16,"z":16}},{"class":"cube","position":{"x":2208,"y":-160,"z":0},"rotation":{"x":0,"y":0,"z":0},"scale":{"x":16,"y":16,"z":16}},{"class":"cube","position":{"x":2176,"y":-168,"z":0},"rotation":{"x":0,"y":0,"z":0},"scale":{"x":16,"y":16,"z":16}},{"class":"cube","position":{"x":2208,"y":-184,"z":0},"rotation":{"x":0,"y":0,"z":0},"scale":{"x":16,"y":16,"z":16}},{"class":"cube","position":{"x":2176,"y":-192,"z":0},"rotation":{"x":0,"y":0,"z":0},"scale":{"x":16,"y":16,"z":16}},{"class":"gravity","position":{"x":1992,"y":-56,"z":0},"rotation":{"x":0,"y":0,"z":0},"scale":{"x":"8","y":"8","z":16}},{"class":"gravity","position":{"x":2336,"y":0,"z":0},"rotation":{"x":0,"y":0,"z":-1.5707963267948966},"scale":{"x":"8","y":"8","z":16}},{"class":"cube","position":{"x":2176,"y":-216,"z":0},"rotation":{"x":0,"y":0,"z":0},"scale":{"x":16,"y":16,"z":16}},{"class":"cube","position":{"x":2192,"y":-232,"z":0},"rotation":{"x":0,"y":0,"z":0},"scale":{"x":16,"y":16,"z":16}},{"class":"cube","position":{"x":2224,"y":-200,"z":0},"rotation":{"x":0,"y":0,"z":0},"scale":{"x":16,"y":16,"z":16}},{"class":"cube","position":{"x":2248,"y":-200,"z":0},"rotation":{"x":0,"y":0,"z":0},"scale":{"x":16,"y":16,"z":16}},{"class":"cube","position":{"x":2216,"y":-232,"z":0},"rotation":{"x":0,"y":0,"z":0},"scale":{"x":16,"y":16,"z":16}},{"class":"cube","position":{"x":2240,"y":-232,"z":0},"rotation":{"x":0,"y":0,"z":0},"scale":{"x":16,"y":16,"z":16}},{"class":"cube","position":{"x":2264,"y":-232,"z":0},"rotation":{"x":0,"y":0,"z":0},"scale":{"x":16,"y":16,"z":16}},{"class":"cube","position":{"x":2272,"y":-200,"z":0},"rotation":{"x":0,"y":0,"z":0},"scale":{"x":16,"y":16,"z":16}},{"class":"cube","position":{"x":2288,"y":-232,"z":0},"rotation":{"x":0,"y":0,"z":0},"scale":{"x":16,"y":16,"z":16}},{"class":"cube","position":{"x":2296,"y":-200,"z":0},"rotation":{"x":0,"y":0,"z":0},"scale":{"x":16,"y":16,"z":16}},{"class":"cube","position":{"x":2320,"y":-184,"z":0},"rotation":{"x":0,"y":0,"z":0},"scale":{"x":16,"y":16,"z":16}},{"class":"cube","position":{"x":2312,"y":-232,"z":0},"rotation":{"x":0,"y":0,"z":0},"scale":{"x":16,"y":16,"z":16}},{"class":"cube","position":{"x":2336,"y":-232,"z":0},"rotation":{"x":0,"y":0,"z":0},"scale":{"x":16,"y":16,"z":16}},{"class":"cube","position":{"x":2352,"y":-216,"z":0},"rotation":{"x":0,"y":0,"z":0},"scale":{"x":16,"y":16,"z":16}},{"class":"cube","position":{"x":2352,"y":-192,"z":0},"rotation":{"x":0,"y":0,"z":0},"scale":{"x":16,"y":16,"z":16}},{"class":"cube","position":{"x":2352,"y":-168,"z":0},"rotation":{"x":0,"y":0,"z":0},"scale":{"x":16,"y":16,"z":16}},{"class":"cube","position":{"x":2352,"y":-144,"z":0},"rotation":{"x":0,"y":0,"z":0},"scale":{"x":16,"y":16,"z":16}},{"class":"cube","position":{"x":2352,"y":-120,"z":0},"rotation":{"x":0,"y":0,"z":0},"scale":{"x":16,"y":16,"z":16}},{"class":"cube","position":{"x":2352,"y":-96,"z":0},"rotation":{"x":0,"y":0,"z":0},"scale":{"x":16,"y":16,"z":16}},{"class":"cube","position":{"x":2352,"y":-72,"z":0},"rotation":{"x":0,"y":0,"z":0},"scale":{"x":16,"y":16,"z":16}},{"class":"cube","position":{"x":2352,"y":-48,"z":0},"rotation":{"x":0,"y":0,"z":0},"scale":{"x":16,"y":16,"z":16}},{"class":"cube","position":{"x":2352,"y":-24,"z":0},"rotation":{"x":0,"y":0,"z":0},"scale":{"x":16,"y":16,"z":16}},{"class":"cube","position":{"x":2352,"y":0,"z":0},"rotation":{"x":0,"y":0,"z":0},"scale":{"x":16,"y":16,"z":16}},{"class":"cube","position":{"x":2336,"y":16,"z":0},"rotation":{"x":0,"y":0,"z":0},"scale":{"x":16,"y":16,"z":16}},{"class":"cube","position":{"x":2320,"y":-160,"z":0},"rotation":{"x":0,"y":0,"z":0},"scale":{"x":16,"y":16,"z":16}},{"class":"cube","position":{"x":2320,"y":-136,"z":0},"rotation":{"x":0,"y":0,"z":0},"scale":{"x":16,"y":16,"z":16}},{"class":"cube","position":{"x":2320,"y":-112,"z":0},"rotation":{"x":0,"y":0,"z":0},"scale":{"x":16,"y":16,"z":16}},{"class":"cube","position":{"x":2320,"y":-88,"z":0},"rotation":{"x":0,"y":0,"z":0},"scale":{"x":16,"y":16,"z":16}},{"class":"cube","position":{"x":2320,"y":-64,"z":0},"rotation":{"x":0,"y":0,"z":0},"scale":{"x":16,"y":16,"z":16}},{"class":"cube","position":{"x":2320,"y":-40,"z":0},"rotation":{"x":0,"y":0,"z":0},"scale":{"x":16,"y":16,"z":16}},{"class":"cube","position":{"x":2304,"y":-16,"z":0},"rotation":{"x":0,"y":0,"z":0},"scale":{"x":16,"y":16,"z":16}},{"class":"cube","position":{"x":2280,"y":-16,"z":0},"rotation":{"x":0,"y":0,"z":0},"scale":{"x":16,"y":16,"z":16}},{"class":"cube","position":{"x":2312,"y":16,"z":0},"rotation":{"x":0,"y":0,"z":0},"scale":{"x":16,"y":16,"z":16}},{"class":"cube","position":{"x":2288,"y":16,"z":0},"rotation":{"x":0,"y":0,"z":0},"scale":{"x":16,"y":16,"z":16}},{"class":"gravity","position":{"x":2192,"y":-216,"z":0},"rotation":{"x":0,"y":0,"z":1.5707963267948966},"scale":{"x":"8","y":"8","z":16}},{"class":"gravity","position":{"x":2336,"y":-216,"z":0},"rotation":{"x":0,"y":0,"z":3.141592653589793},"scale":{"x":"8","y":"8","z":16}},{"class":"cube","position":{"x":2256,"y":-16,"z":0},"rotation":{"x":0,"y":0,"z":0},"scale":{"x":16,"y":16,"z":16}},{"class":"cube","position":{"x":2264,"y":16,"z":0},"rotation":{"x":0,"y":0,"z":0},"scale":{"x":16,"y":16,"z":16}},{"class":"cube","position":{"x":2240,"y":16,"z":0},"rotation":{"x":0,"y":0,"z":0},"scale":{"x":16,"y":16,"z":16}},{"class":"cube","position":{"x":2232,"y":-16,"z":0},"rotation":{"x":0,"y":0,"z":0},"scale":{"x":16,"y":16,"z":16}},{"class":"cube","position":{"x":2216,"y":16,"z":0},"rotation":{"x":0,"y":0,"z":0},"scale":{"x":16,"y":16,"z":16}},{"class":"cube","position":{"x":2208,"y":-16,"z":0},"rotation":{"x":0,"y":0,"z":0},"scale":{"x":16,"y":16,"z":16}},{"class":"cube","position":{"x":2184,"y":-16,"z":0},"rotation":{"x":0,"y":0,"z":0},"scale":{"x":16,"y":16,"z":16}},{"class":"cube","position":{"x":2160,"y":-16,"z":0},"rotation":{"x":0,"y":0,"z":0},"scale":{"x":16,"y":16,"z":16}},{"class":"cube","position":{"x":2136,"y":-16,"z":0},"rotation":{"x":0,"y":0,"z":0},"scale":{"x":16,"y":16,"z":16}},{"class":"cube","position":{"x":2112,"y":-16,"z":0},"rotation":{"x":0,"y":0,"z":0},"scale":{"x":16,"y":16,"z":16}},{"class":"cube","position":{"x":2088,"y":-16,"z":0},"rotation":{"x":0,"y":0,"z":0},"scale":{"x":16,"y":16,"z":16}},{"class":"cube","position":{"x":2192,"y":16,"z":0},"rotation":{"x":0,"y":0,"z":0},"scale":{"x":16,"y":16,"z":16}},{"class":"cube","position":{"x":2168,"y":16,"z":0},"rotation":{"x":0,"y":0,"z":0},"scale":{"x":16,"y":16,"z":16}},{"class":"cube","position":{"x":2144,"y":16,"z":0},"rotation":{"x":0,"y":0,"z":0},"scale":{"x":16,"y":16,"z":16}},{"class":"cube","position":{"x":2120,"y":16,"z":0},"rotation":{"x":0,"y":0,"z":0},"scale":{"x":16,"y":16,"z":16}},{"class":"cube","position":{"x":2096,"y":16,"z":0},"rotation":{"x":0,"y":0,"z":0},"scale":{"x":16,"y":16,"z":16}},{"class":"cube","position":{"x":2064,"y":48,"z":0},"rotation":{"x":0,"y":0,"z":-0.7853981633974483},"scale":{"x":"88","y":16,"z":16}},{"class":"cube","position":{"x":2024,"y":16,"z":0},"rotation":{"x":0,"y":0,"z":-0.7853981633974483},"scale":{"x":"88","y":16,"z":16}},{"class":"cube","position":{"x":2016,"y":80,"z":0},"rotation":{"x":0,"y":0,"z":0},"scale":{"x":16,"y":16,"z":16}},{"class":"cube","position":{"x":1992,"y":80,"z":0},"rotation":{"x":0,"y":0,"z":0},"scale":{"x":16,"y":16,"z":16}},{"class":"cube","position":{"x":1968,"y":80,"z":0},"rotation":{"x":0,"y":0,"z":0},"scale":{"x":16,"y":16,"z":16}},{"class":"cube","position":{"x":1944,"y":80,"z":0},"rotation":{"x":0,"y":0,"z":0},"scale":{"x":16,"y":16,"z":16}},{"class":"cube","position":{"x":1920,"y":80,"z":0},"rotation":{"x":0,"y":0,"z":0},"scale":{"x":16,"y":16,"z":16}},{"class":"cube","position":{"x":1896,"y":80,"z":0},"rotation":{"x":0,"y":0,"z":0},"scale":{"x":16,"y":16,"z":16}},{"class":"cube","position":{"x":1872,"y":80,"z":0},"rotation":{"x":0,"y":0,"z":0},"scale":{"x":16,"y":16,"z":16}},{"class":"cube","position":{"x":1848,"y":80,"z":0},"rotation":{"x":0,"y":0,"z":0},"scale":{"x":16,"y":16,"z":16}},{"class":"cube","position":{"x":1824,"y":80,"z":0},"rotation":{"x":0,"y":0,"z":0},"scale":{"x":16,"y":16,"z":16}},{"class":"cube","position":{"x":1960,"y":48,"z":0},"rotation":{"x":0,"y":0,"z":0},"scale":{"x":16,"y":16,"z":16}},{"class":"cube","position":{"x":1984,"y":48,"z":0},"rotation":{"x":0,"y":0,"z":0},"scale":{"x":16,"y":16,"z":16}},{"class":"cube","position":{"x":2056,"y":-16,"z":0},"rotation":{"x":0,"y":0,"z":-0.7853981633974483},"scale":{"x":"88","y":16,"z":16}},{"class":"cube","position":{"x":1936,"y":48,"z":0},"rotation":{"x":0,"y":0,"z":0},"scale":{"x":16,"y":16,"z":16}},{"class":"cube","position":{"x":1912,"y":48,"z":0},"rotation":{"x":0,"y":0,"z":0},"scale":{"x":16,"y":16,"z":16}},{"class":"cube","position":{"x":1888,"y":48,"z":0},"rotation":{"x":0,"y":0,"z":0},"scale":{"x":16,"y":16,"z":16}},{"class":"cube","position":{"x":1864,"y":48,"z":0},"rotation":{"x":0,"y":0,"z":0},"scale":{"x":16,"y":16,"z":16}},{"class":"cube","position":{"x":1840,"y":48,"z":0},"rotation":{"x":0,"y":0,"z":0},"scale":{"x":16,"y":16,"z":16}},{"class":"cube","position":{"x":1816,"y":48,"z":0},"rotation":{"x":0,"y":0,"z":0},"scale":{"x":16,"y":16,"z":16}},{"class":"cube","position":{"x":1800,"y":80,"z":0},"rotation":{"x":0,"y":0,"z":0},"scale":{"x":16,"y":16,"z":16}},{"class":"cube","position":{"x":1776,"y":80,"z":0},"rotation":{"x":0,"y":0,"z":0},"scale":{"x":16,"y":16,"z":16}},{"class":"cube","position":{"x":1752,"y":80,"z":0},"rotation":{"x":0,"y":0,"z":0},"scale":{"x":16,"y":16,"z":16}},{"class":"cube","position":{"x":1728,"y":88,"z":0},"rotation":{"x":0,"y":0,"z":0},"scale":{"x":16,"y":16,"z":16}},{"class":"cube","position":{"x":1704,"y":96,"z":0},"rotation":{"x":0,"y":0,"z":0},"scale":{"x":16,"y":16,"z":16}},{"class":"cube","position":{"x":1680,"y":104,"z":0},"rotation":{"x":0,"y":0,"z":0},"scale":{"x":16,"y":16,"z":16}},{"class":"cube","position":{"x":1656,"y":112,"z":0},"rotation":{"x":0,"y":0,"z":0},"scale":{"x":16,"y":16,"z":16}},{"class":"cube","position":{"x":1632,"y":120,"z":0},"rotation":{"x":0,"y":0,"z":0},"scale":{"x":16,"y":16,"z":16}},{"class":"cube","position":{"x":1608,"y":128,"z":0},"rotation":{"x":0,"y":0,"z":0},"scale":{"x":16,"y":16,"z":16}},{"class":"cube","position":{"x":1792,"y":48,"z":0},"rotation":{"x":0,"y":0,"z":0},"scale":{"x":16,"y":16,"z":16}},{"class":"cube","position":{"x":1768,"y":48,"z":0},"rotation":{"x":0,"y":0,"z":0},"scale":{"x":16,"y":16,"z":16}},{"class":"cube","position":{"x":1744,"y":48,"z":0},"rotation":{"x":0,"y":0,"z":0},"scale":{"x":16,"y":16,"z":16}},{"class":"cube","position":{"x":1720,"y":48,"z":0},"rotation":{"x":0,"y":0,"z":0},"scale":{"x":16,"y":16,"z":16}},{"class":"cube","position":{"x":1696,"y":56,"z":0},"rotation":{"x":0,"y":0,"z":0},"scale":{"x":16,"y":16,"z":16}},{"class":"cube","position":{"x":1672,"y":64,"z":0},"rotation":{"x":0,"y":0,"z":0},"scale":{"x":16,"y":16,"z":16}},{"class":"cube","position":{"x":1648,"y":72,"z":0},"rotation":{"x":0,"y":0,"z":0},"scale":{"x":16,"y":16,"z":16}},{"class":"cube","position":{"x":1624,"y":80,"z":0},"rotation":{"x":0,"y":0,"z":0},"scale":{"x":16,"y":16,"z":16}},{"class":"cube","position":{"x":1600,"y":88,"z":0},"rotation":{"x":0,"y":0,"z":0},"scale":{"x":16,"y":16,"z":16}},{"class":"cube","position":{"x":1576,"y":88,"z":0},"rotation":{"x":0,"y":0,"z":0},"scale":{"x":16,"y":16,"z":16}},{"class":"cube","position":{"x":1584,"y":128,"z":0},"rotation":{"x":0,"y":0,"z":0},"scale":{"x":16,"y":16,"z":16}},{"class":"cube","position":{"x":1560,"y":128,"z":0},"rotation":{"x":0,"y":0,"z":0},"scale":{"x":16,"y":16,"z":16}},{"class":"cube","position":{"x":1536,"y":136,"z":0},"rotation":{"x":0,"y":0,"z":0},"scale":{"x":16,"y":16,"z":16}},{"class":"cube","position":{"x":1552,"y":88,"z":0},"rotation":{"x":0,"y":0,"z":0},"scale":{"x":16,"y":16,"z":16}},{"class":"cube","position":{"x":1528,"y":96,"z":0},"rotation":{"x":0,"y":0,"z":0},"scale":{"x":16,"y":16,"z":16}},{"class":"cube","position":{"x":1520,"y":136,"z":0},"rotation":{"x":0,"y":0,"z":0},"scale":{"x":16,"y":16,"z":16}},{"class":"cube","position":{"x":1512,"y":96,"z":0},"rotation":{"x":0,"y":0,"z":0},"scale":{"x":16,"y":16,"z":16}},{"class":"cube","position":{"x":1248,"y":96,"z":0},"rotation":{"x":0,"y":0,"z":0},"scale":{"x":"512","y":16,"z":16}},{"class":"cube","position":{"x":1256,"y":136,"z":0},"rotation":{"x":0,"y":0,"z":0},"scale":{"x":"512","y":16,"z":16}},{"class":"cube","position":{"x":320,"y":312,"z":0},"rotation":{"x":0,"y":0,"z":0.5235987755982988},"scale":{"x":"368","y":16,"z":16}},{"class":"cube","position":{"x":832,"y":240,"z":0},"rotation":{"x":0,"y":0,"z":-1.3089969389957472},"scale":{"x":"368","y":16,"z":16}},{"class":"cube","position":{"x":1296,"y":152,"z":0},"rotation":{"x":0,"y":0,"z":-0.2617993877991494},"scale":{"x":"152","y":16,"z":16}},{"class":"cube","position":{"x":848,"y":320,"z":0},"rotation":{"x":0,"y":0,"z":-1.3089969389957472},"scale":{"x":"368","y":16,"z":16}},{"class":"cube","position":{"x":632,"y":440,"z":0},"rotation":{"x":0,"y":0,"z":0.2617993877991494},"scale":{"x":"368","y":16,"z":16}},{"class":"cube","position":{"x":240,"y":176,"z":0},"rotation":{"x":0,"y":0,"z":-1.5707963267948966},"scale":{"x":"64","y":16,"z":16}},{"class":"gravity","position":{"x":64,"y":128,"z":0},"rotation":{"x":0,"y":0,"z":-1.8325957145940461},"scale":{"x":16,"y":16,"z":16}},{"class":"cube","position":{"x":96,"y":112,"z":0},"rotation":{"x":0,"y":0,"z":0.2617993877991494},"scale":{"x":"128","y":16,"z":16}},{"class":"cube","position":{"x":144,"y":200,"z":0},"rotation":{"x":0,"y":0,"z":-1.5707963267948966},"scale":{"x":"64","y":16,"z":16}},{"class":"cube","position":{"x":184,"y":136,"z":0},"rotation":{"x":0,"y":0,"z":0.2617993877991494},"scale":{"x":"128","y":16,"z":16}},{"class":"cube","position":{"x":-48,"y":200,"z":0},"rotation":{"x":0,"y":0,"z":0},"scale":{"x":16,"y":"200","z":16}},{"class":"cube","position":{"x":-72,"y":-16,"z":0},"rotation":{"x":0,"y":0,"z":0},"scale":{"x":16,"y":16,"z":16}},{"class":"cube","position":{"x":-72,"y":-40,"z":0},"rotation":{"x":0,"y":0,"z":0},"scale":{"x":16,"y":16,"z":16}},{"class":"cube","position":{"x":-72,"y":8,"z":0},"rotation":{"x":0,"y":0,"z":0},"scale":{"x":16,"y":16,"z":16}},{"class":"cube","position":{"x":-72,"y":32,"z":0},"rotation":{"x":0,"y":0,"z":0},"scale":{"x":16,"y":16,"z":16}},{"class":"cube","position":{"x":-64,"y":56,"z":0},"rotation":{"x":0,"y":0,"z":0},"scale":{"x":16,"y":16,"z":16}},{"class":"cube","position":{"x":8,"y":224,"z":0},"rotation":{"x":0,"y":0,"z":-1.3089969389957472},"scale":{"x":"272","y":"16","z":16}},{"class":"cube","position":{"x":-32,"y":96,"z":0},"rotation":{"x":0,"y":0,"z":-1.3089969389957472},"scale":{"x":"56","y":16,"z":16}},{"class":"cube","position":{"x":2016,"y":-40,"z":0},"rotation":{"x":0,"y":0,"z":-1.8325957145940461},"scale":{"x":"16","y":"56","z":16}},{"class":"cube","position":{"x":2024,"y":-88,"z":0},"rotation":{"x":0,"y":0,"z":0},"scale":{"x":16,"y":16,"z":16}},{"class":"cube","position":{"x":-24,"y":80,"z":0},"rotation":{"x":0,"y":0,"z":0},"scale":{"x":16,"y":16,"z":16}},{"class":"cube","position":{"x":-24,"y":96,"z":0},"rotation":{"x":0,"y":0,"z":0},"scale":{"x":16,"y":16,"z":16}},{"class":"cube","position":{"x":-24,"y":112,"z":0},"rotation":{"x":0,"y":0,"z":0},"scale":{"x":16,"y":16,"z":16}},{"class":"cube","position":{"x":-24,"y":120,"z":0},"rotation":{"x":0,"y":0,"z":0},"scale":{"x":16,"y":16,"z":16}},{"class":"cube","position":{"x":-24,"y":136,"z":0},"rotation":{"x":0,"y":0,"z":0},"scale":{"x":16,"y":16,"z":16}},{"class":"cube","position":{"x":-24,"y":152,"z":0},"rotation":{"x":0,"y":0,"z":0},"scale":{"x":16,"y":16,"z":16}},{"class":"cube","position":{"x":-32,"y":160,"z":0},"rotation":{"x":0,"y":0,"z":-0.2617993877991494},"scale":{"x":32,"y":16,"z":16}},{"class":"cube","position":{"x":2176,"y":-88,"z":0},"rotation":{"x":0,"y":0,"z":0},"scale":{"x":16,"y":16,"z":16}},{"class":"cube","position":{"x":2208,"y":-200,"z":0},"rotation":{"x":0,"y":0,"z":0},"scale":{"x":16,"y":16,"z":16}},{"class":"cube","position":{"x":2320,"y":-200,"z":0},"rotation":{"x":0,"y":0,"z":0},"scale":{"x":16,"y":16,"z":16}},{"class":"cube","position":{"x":2320,"y":-16,"z":0},"rotation":{"x":0,"y":0,"z":0},"scale":{"x":16,"y":16,"z":16}},{"class":"cube","position":{"x":824,"y":104,"z":0},"rotation":{"x":0,"y":0,"z":0},"scale":{"x":"80","y":"72","z":16}},{"class":"cube","position":{"x":408,"y":64,"z":0},"rotation":{"x":0,"y":0,"z":0.2617993877991494},"scale":{"x":"8","y":"88","z":16}},{"class":"cube","position":{"x":864,"y":80,"z":0},"rotation":{"x":0,"y":0,"z":0},"scale":{"x":16,"y":16,"z":16}},{"class":"cube","position":{"x":808,"y":152,"z":0},"rotation":{"x":0,"y":0,"z":0},"scale":{"x":16,"y":16,"z":16}},{"class":"cube","position":{"x":840,"y":152,"z":0},"rotation":{"x":0,"y":0,"z":0},"scale":{"x":16,"y":16,"z":16}},{"class":"cube","position":{"x":824,"y":152,"z":0},"rotation":{"x":0,"y":0,"z":0},"scale":{"x":16,"y":16,"z":16}},{"class":"cube","position":{"x":816,"y":144,"z":0},"rotation":{"x":0,"y":0,"z":0},"scale":{"x":16,"y":16,"z":16}},{"class":"cube","position":{"x":832,"y":144,"z":0},"rotation":{"x":0,"y":0,"z":0},"scale":{"x":16,"y":16,"z":16}},{"class":"cube","position":{"x":848,"y":144,"z":0},"rotation":{"x":0,"y":0,"z":0},"scale":{"x":16,"y":16,"z":16}},{"class":"cube","position":{"x":800,"y":144,"z":0},"rotation":{"x":0,"y":0,"z":0},"scale":{"x":16,"y":16,"z":16}},{"class":"cube","position":{"x":808,"y":168,"z":0},"rotation":{"x":0,"y":0,"z":0},"scale":{"x":16,"y":16,"z":16}},{"class":"cube","position":{"x":824,"y":168,"z":0},"rotation":{"x":0,"y":0,"z":0},"scale":{"x":16,"y":16,"z":16}},{"class":"cube","position":{"x":840,"y":168,"z":0},"rotation":{"x":0,"y":0,"z":0},"scale":{"x":16,"y":16,"z":16}},{"class":"cube","position":{"x":832,"y":184,"z":0},"rotation":{"x":0,"y":0,"z":0},"scale":{"x":16,"y":16,"z":16}},{"class":"cube","position":{"x":816,"y":184,"z":0},"rotation":{"x":0,"y":0,"z":0},"scale":{"x":16,"y":16,"z":16}},{"class":"cube","position":{"x":800,"y":184,"z":0},"rotation":{"x":0,"y":0,"z":0},"scale":{"x":16,"y":16,"z":16}},{"class":"cube","position":{"x":840,"y":176,"z":0},"rotation":{"x":0,"y":0,"z":0},"scale":{"x":16,"y":16,"z":16}},{"class":"cube","position":{"x":824,"y":200,"z":0},"rotation":{"x":0,"y":0,"z":0},"scale":{"x":16,"y":16,"z":16}},{"class":"cube","position":{"x":800,"y":200,"z":0},"rotation":{"x":0,"y":0,"z":0},"scale":{"x":16,"y":16,"z":16}},{"class":"cube","position":{"x":816,"y":200,"z":0},"rotation":{"x":0,"y":0,"z":0},"scale":{"x":16,"y":16,"z":16}},{"class":"cube","position":{"x":832,"y":200,"z":0},"rotation":{"x":0,"y":0,"z":0},"scale":{"x":16,"y":16,"z":16}},{"class":"cube","position":{"x":808,"y":216,"z":0},"rotation":{"x":0,"y":0,"z":0},"scale":{"x":16,"y":16,"z":16}},{"class":"cube","position":{"x":824,"y":216,"z":0},"rotation":{"x":0,"y":0,"z":0},"scale":{"x":16,"y":16,"z":16}},{"class":"cube","position":{"x":816,"y":232,"z":0},"rotation":{"x":0,"y":0,"z":0},"scale":{"x":16,"y":16,"z":16}},{"class":"cube","position":{"x":800,"y":232,"z":0},"rotation":{"x":0,"y":0,"z":0},"scale":{"x":16,"y":16,"z":16}},{"class":"cube","position":{"x":808,"y":248,"z":0},"rotation":{"x":0,"y":0,"z":0},"scale":{"x":16,"y":16,"z":16}},{"class":"cube","position":{"x":808,"y":264,"z":0},"rotation":{"x":0,"y":0,"z":0},"scale":{"x":16,"y":16,"z":16}},{"class":"cube","position":{"x":808,"y":280,"z":0},"rotation":{"x":0,"y":0,"z":0},"scale":{"x":16,"y":16,"z":16}},{"class":"cube","position":{"x":808,"y":296,"z":0},"rotation":{"x":0,"y":0,"z":0},"scale":{"x":16,"y":16,"z":16}},{"class":"cube","position":{"x":816,"y":264,"z":0},"rotation":{"x":0,"y":0,"z":0},"scale":{"x":16,"y":16,"z":16}},{"class":"cube","position":{"x":816,"y":248,"z":0},"rotation":{"x":0,"y":0,"z":0},"scale":{"x":16,"y":16,"z":16}},{"class":"cube","position":{"x":832,"y":224,"z":0},"rotation":{"x":0,"y":0,"z":0},"scale":{"x":16,"y":16,"z":16}},{"class":"cube","position":{"x":832,"y":232,"z":0},"rotation":{"x":0,"y":0,"z":0},"scale":{"x":16,"y":16,"z":16}},{"class":"cube","position":{"x":800,"y":312,"z":0},"rotation":{"x":0,"y":0,"z":0},"scale":{"x":16,"y":16,"z":16}},{"class":"cube","position":{"x":-48,"y":136,"z":0},"rotation":{"x":0,"y":0,"z":-1.3089969389957472},"scale":{"x":"56","y":16,"z":16}},{"class":"gravity","position":{"x":184,"y":200,"z":0},"rotation":{"x":0,"y":0,"z":0},"scale":{"x":16,"y":16,"z":16}},{"class":"cube","position":{"x":-64,"y":344,"z":0},"rotation":{"x":0,"y":0,"z":0},"scale":{"x":"88","y":16,"z":16}},{"class":"cube","position":{"x":16,"y":344,"z":0},"rotation":{"x":0,"y":0,"z":0},"scale":{"x":"16","y":"40","z":16}},{"class":"cube","position":{"x":16,"y":368,"z":0},"rotation":{"x":0,"y":0,"z":0.2617993877991494},"scale":{"x":"16","y":"40","z":16}},{"class":"cube","position":{"x":-56,"y":440,"z":0},"rotation":{"x":0,"y":0,"z":1.5707963267948966},"scale":{"x":"16","y":"40","z":16}},{"class":"cube","position":{"x":8,"y":392,"z":0},"rotation":{"x":0,"y":0,"z":0.5235987755982988},"scale":{"x":"16","y":"40","z":16}},{"class":"cube","position":{"x":0,"y":408,"z":0},"rotation":{"x":0,"y":0,"z":0.7853981633974483},"scale":{"x":"16","y":"40","z":16}},{"class":"cube","position":{"x":-16,"y":424,"z":0},"rotation":{"x":0,"y":0,"z":1.0471975511965976},"scale":{"x":"16","y":"40","z":16}},{"class":"cube","position":{"x":-24,"y":432,"z":0},"rotation":{"x":0,"y":0,"z":1.3089969389957472},"scale":{"x":"16","y":"40","z":16}},{"class":"cube","position":{"x":-96,"y":432,"z":0},"rotation":{"x":0,"y":0,"z":2.0943951023931953},"scale":{"x":"16","y":"40","z":16}},{"class":"cube","position":{"x":-72,"y":440,"z":0},"rotation":{"x":0,"y":0,"z":1.8325957145940461},"scale":{"x":"16","y":"40","z":16}},{"class":"cube","position":{"x":-112,"y":424,"z":0},"rotation":{"x":0,"y":0,"z":2.356194490192345},"scale":{"x":"16","y":"40","z":16}},{"class":"cube","position":{"x":-128,"y":408,"z":0},"rotation":{"x":0,"y":0,"z":2.6179938779914944},"scale":{"x":"16","y":"40","z":16}},{"class":"gravity","position":{"x":-104,"y":392,"z":0},"rotation":{"x":0,"y":0,"z":0},"scale":{"x":16,"y":16,"z":16}},{"class":"cube","position":{"x":-144,"y":320,"z":0},"rotation":{"x":0,"y":0,"z":-0.2617993877991494},"scale":{"x":"56","y":"8","z":16}},{"class":"cube","position":{"x":-144,"y":240,"z":0},"rotation":{"x":0,"y":0,"z":0.2617993877991494},"scale":{"x":"56","y":"8","z":16}},{"class":"cube","position":{"x":-144,"y":336,"z":0},"rotation":{"x":0,"y":0,"z":0.2617993877991494},"scale":{"x":"56","y":"8","z":16}},{"class":"cube","position":{"x":-224,"y":312,"z":0},"rotation":{"x":0,"y":0,"z":-0.2617993877991494},"scale":{"x":"56","y":"8","z":16}},{"class":"cube","position":{"x":-224,"y":296,"z":0},"rotation":{"x":0,"y":0,"z":0.2617993877991494},"scale":{"x":"56","y":"8","z":16}},{"class":"cube","position":{"x":-200,"y":216,"z":0},"rotation":{"x":0,"y":0,"z":0.5235987755982988},"scale":{"x":"56","y":"8","z":16}},{"class":"cube","position":{"x":-232,"y":176,"z":0},"rotation":{"x":0,"y":0,"z":1.3089969389957472},"scale":{"x":"64","y":"8","z":16}},{"class":"cube","position":{"x":-96,"y":96,"z":0},"rotation":{"x":0,"y":0,"z":0.7853981633974483},"scale":{"x":"8","y":"96","z":16}},{"class":"cube","position":{"x":-272,"y":240,"z":0},"rotation":{"x":0,"y":0,"z":-0.7853981633974483},"scale":{"x":"8","y":"80","z":16}},{"class":"cube","position":{"x":-248,"y":296,"z":0},"rotation":{"x":0,"y":0,"z":-1.5707963267948966},"scale":{"x":"56","y":"8","z":16}},{"class":"cube","position":{"x":-248,"y":344,"z":0},"rotation":{"x":0,"y":0,"z":-1.5707963267948966},"scale":{"x":"56","y":"8","z":16}},{"class":"cube","position":{"x":-248,"y":392,"z":0},"rotation":{"x":0,"y":0,"z":-1.5707963267948966},"scale":{"x":"56","y":"8","z":16}},{"class":"cube","position":{"x":-112,"y":320,"z":0},"rotation":{"x":0,"y":0,"z":-1.5707963267948966},"scale":{"x":"56","y":"8","z":16}},{"class":"cube","position":{"x":-112,"y":280,"z":0},"rotation":{"x":0,"y":0,"z":-1.5707963267948966},"scale":{"x":"56","y":"8","z":16}},{"class":"cube","position":{"x":-144,"y":288,"z":0},"rotation":{"x":0,"y":0,"z":0.2617993877991494},"scale":{"x":"56","y":"8","z":16}},{"class":"cube","position":{"x":-224,"y":248,"z":0},"rotation":{"x":0,"y":0,"z":0.2617993877991494},"scale":{"x":"56","y":"8","z":16}},{"class":"cube","position":{"x":-256,"y":240,"z":0},"rotation":{"x":0,"y":0,"z":0.2617993877991494},"scale":{"x":"56","y":"8","z":16}},{"class":"cube","position":{"x":-224,"y":264,"z":0},"rotation":{"x":0,"y":0,"z":-0.2617993877991494},"scale":{"x":"56","y":"8","z":16}},{"class":"cube","position":{"x":-144,"y":272,"z":0},"rotation":{"x":0,"y":0,"z":-0.2617993877991494},"scale":{"x":"56","y":"8","z":16}},{"class":"cube","position":{"x":-176,"y":408,"z":0},"rotation":{"x":0,"y":0,"z":-0.2617993877991494},"scale":{"x":"88","y":"8","z":16}},{"class":"cube","position":{"x":-216,"y":424,"z":0},"rotation":{"x":0,"y":0,"z":0},"scale":{"x":16,"y":16,"z":16}},{"class":"cube","position":{"x":-256,"y":424,"z":0},"rotation":{"x":0,"y":0,"z":0},"scale":{"x":16,"y":16,"z":16}},{"class":"cube","position":{"x":-216,"y":448,"z":0},"rotation":{"x":0,"y":0,"z":0},"scale":{"x":16,"y":16,"z":16}},{"class":"cube","position":{"x":-216,"y":472,"z":0},"rotation":{"x":0,"y":0,"z":0},"scale":{"x":16,"y":16,"z":16}},{"class":"cube","position":{"x":-216,"y":496,"z":0},"rotation":{"x":0,"y":0,"z":0},"scale":{"x":16,"y":16,"z":16}},{"class":"cube","position":{"x":-216,"y":520,"z":0},"rotation":{"x":0,"y":0,"z":0},"scale":{"x":16,"y":16,"z":16}},{"class":"cube","position":{"x":-256,"y":448,"z":0},"rotation":{"x":0,"y":0,"z":0},"scale":{"x":16,"y":16,"z":16}},{"class":"cube","position":{"x":-256,"y":472,"z":0},"rotation":{"x":0,"y":0,"z":0},"scale":{"x":16,"y":16,"z":16}},{"class":"cube","position":{"x":-256,"y":496,"z":0},"rotation":{"x":0,"y":0,"z":0},"scale":{"x":16,"y":16,"z":16}},{"class":"cube","position":{"x":-256,"y":520,"z":0},"rotation":{"x":0,"y":0,"z":0},"scale":{"x":16,"y":16,"z":16}},{"class":"cube","position":{"x":-216,"y":544,"z":0},"rotation":{"x":0,"y":0,"z":0},"scale":{"x":16,"y":16,"z":16}},{"class":"cube","position":{"x":-232,"y":560,"z":0},"rotation":{"x":0,"y":0,"z":0},"scale":{"x":16,"y":16,"z":16}},{"class":"cube","position":{"x":-256,"y":560,"z":0},"rotation":{"x":0,"y":0,"z":0},"scale":{"x":16,"y":16,"z":16}},{"class":"cube","position":{"x":-280,"y":560,"z":0},"rotation":{"x":0,"y":0,"z":0},"scale":{"x":16,"y":16,"z":16}},{"class":"cube","position":{"x":-304,"y":560,"z":0},"rotation":{"x":0,"y":0,"z":0},"scale":{"x":16,"y":16,"z":16}},{"class":"cube","position":{"x":-280,"y":520,"z":0},"rotation":{"x":0,"y":0,"z":0},"scale":{"x":16,"y":16,"z":16}},{"class":"cube","position":{"x":-304,"y":520,"z":0},"rotation":{"x":0,"y":0,"z":0},"scale":{"x":16,"y":16,"z":16}},{"class":"cube","position":{"x":-368,"y":512,"z":0},"rotation":{"x":0,"y":0,"z":0.7853981633974483},"scale":{"x":"48","y":16,"z":16}},{"class":"cube","position":{"x":-320,"y":504,"z":0},"rotation":{"x":0,"y":0,"z":0.7853981633974483},"scale":{"x":"48","y":16,"z":16}},{"class":"cube","position":{"x":-328,"y":552,"z":0},"rotation":{"x":0,"y":0,"z":0.7853981633974483},"scale":{"x":"48","y":16,"z":16}},{"class":"cube","position":{"x":-336,"y":440,"z":0},"rotation":{"x":0,"y":0,"z":0},"scale":{"x":16,"y":"104","z":16}},{"class":"cube","position":{"x":-376,"y":448,"z":0},"rotation":{"x":0,"y":0,"z":0},"scale":{"x":16,"y":"104","z":16}},{"class":"cube","position":{"x":-368,"y":184,"z":0},"rotation":{"x":0,"y":0,"z":0.2617993877991494},"scale":{"x":16,"y":"88","z":16}},{"class":"cube","position":{"x":-320,"y":232,"z":0},"rotation":{"x":0,"y":0,"z":-0.2617993877991494},"scale":{"x":16,"y":"88","z":16}},{"class":"cube","position":{"x":-368,"y":360,"z":0},"rotation":{"x":0,"y":0,"z":0.2617993877991494},"scale":{"x":16,"y":"88","z":16}},{"class":"cube","position":{"x":-320,"y":320,"z":0},"rotation":{"x":0,"y":0,"z":-0.2617993877991494},"scale":{"x":16,"y":"88","z":16}},{"class":"cube","position":{"x":-368,"y":272,"z":0},"rotation":{"x":0,"y":0,"z":0.2617993877991494},"scale":{"x":16,"y":"88","z":16}},{"class":"cube","position":{"x":-240,"y":-40,"z":0},"rotation":{"x":0,"y":0,"z":0.7853981633974483},"scale":{"x":"8","y":"176","z":16}},{"class":"cube","position":{"x":-128,"y":32,"z":0},"rotation":{"x":0,"y":0,"z":1.5707963267948966},"scale":{"x":"8","y":"104","z":16}},{"class":"cube","position":{"x":-136,"y":-32,"z":0},"rotation":{"x":0,"y":0,"z":0},"scale":{"x":"8","y":"104","z":16}},{"class":"cube","position":{"x":-216,"y":32,"z":0},"rotation":{"x":0,"y":0,"z":1.5707963267948966},"scale":{"x":"8","y":"104","z":16}},{"class":"cube","position":{"x":-176,"y":8,"z":0},"rotation":{"x":0,"y":0,"z":1.0471975511965976},"scale":{"x":"8","y":"88","z":16}},{"class":"gravity","position":{"x":-176,"y":-72,"z":0},"rotation":{"x":0,"y":0,"z":-3.141592653589793},"scale":{"x":16,"y":16,"z":16}},{"class":"gravity","position":{"x":-232,"y":544,"z":0},"rotation":{"x":0,"y":0,"z":-1.5707963267948966},"scale":{"x":"8","y":"8","z":16}},{"class":"gravity","position":{"x":-312,"y":544,"z":0},"rotation":{"x":0,"y":0,"z":0},"scale":{"x":"8","y":"8","z":16}},{"class":"cube","position":{"x":-560,"y":328,"z":0},"rotation":{"x":0,"y":0,"z":0.2617993877991494},"scale":{"x":"392","y":16,"z":16}},{"class":"cube","position":{"x":-488,"y":72,"z":0},"rotation":{"x":0,"y":0,"z":0.2617993877991494},"scale":{"x":"392","y":16,"z":16}},{"class":"cube","position":{"x":-616,"y":104,"z":0},"rotation":{"x":0,"y":0,"z":0.2617993877991494},"scale":{"x":"392","y":16,"z":16}},{"class":"cube","position":{"x":-584,"y":176,"z":0},"rotation":{"x":0,"y":0,"z":0.2617993877991494},"scale":{"x":"392","y":16,"z":16}},{"class":"cube","position":{"x":-640,"y":232,"z":0},"rotation":{"x":0,"y":0,"z":0.2617993877991494},"scale":{"x":"392","y":16,"z":16}},{"class":"gravity","position":{"x":-776,"y":224,"z":0},"rotation":{"x":0,"y":0,"z":-3.141592653589793},"scale":{"x":16,"y":16,"z":16}},{"class":"gravity","position":{"x":-696,"y":48,"z":0},"rotation":{"x":0,"y":0,"z":-3.141592653589793},"scale":{"x":16,"y":16,"z":16}},{"class":"gravity","position":{"x":-792,"y":88,"z":0},"rotation":{"x":0,"y":0,"z":-3.141592653589793},"scale":{"x":16,"y":16,"z":16}},{"class":"gravity","position":{"x":-472,"y":328,"z":0},"rotation":{"x":0,"y":0,"z":0},"scale":{"x":16,"y":16,"z":16}},{"class":"cube","position":{"x":-792,"y":-48,"z":0},"rotation":{"x":0,"y":0,"z":0},"scale":{"x":16,"y":"208","z":16}},{"class":"cube","position":{"x":-848,"y":224,"z":0},"rotation":{"x":0,"y":0,"z":0},"scale":{"x":16,"y":"88","z":16}},{"class":"cube","position":{"x":-832,"y":136,"z":0},"rotation":{"x":0,"y":0,"z":0},"scale":{"x":16,"y":"88","z":16}},{"class":"gravity","position":{"x":-448,"y":192,"z":0},"rotation":{"x":0,"y":0,"z":0},"scale":{"x":16,"y":16,"z":16}},{"class":"cube","position":{"x":-400,"y":304,"z":0},"rotation":{"x":0,"y":0,"z":0.2617993877991494},"scale":{"x":"48","y":16,"z":16}},{"class":"cube","position":{"x":-432,"y":328,"z":0},"rotation":{"x":0,"y":0,"z":-0.2617993877991494},"scale":{"x":"48","y":16,"z":16}},{"class":"cube","position":{"x":-832,"y":88,"z":0},"rotation":{"x":0,"y":0,"z":0},"scale":{"x":16,"y":16,"z":16}},{"class":"cube","position":{"x":-824,"y":72,"z":0},"rotation":{"x":0,"y":0,"z":0},"scale":{"x":16,"y":16,"z":16}},{"class":"cube","position":{"x":-816,"y":56,"z":0},"rotation":{"x":0,"y":0,"z":0},"scale":{"x":16,"y":16,"z":16}},{"class":"cube","position":{"x":-808,"y":48,"z":0},"rotation":{"x":0,"y":0,"z":0},"scale":{"x":16,"y":16,"z":16}},{"class":"cube","position":{"x":-384,"y":176,"z":0},"rotation":{"x":0,"y":0,"z":0.2617993877991494},"scale":{"x":"48","y":16,"z":16}},{"class":"cube","position":{"x":-416,"y":192,"z":0},"rotation":{"x":0,"y":0,"z":-0.2617993877991494},"scale":{"x":"48","y":16,"z":16}},{"class":"cube","position":{"x":-744,"y":288,"z":0},"rotation":{"x":0,"y":0,"z":0},"scale":{"x":16,"y":16,"z":16}},{"class":"cube","position":{"x":-744,"y":304,"z":0},"rotation":{"x":0,"y":0,"z":0},"scale":{"x":16,"y":16,"z":16}},{"class":"cube","position":{"x":-744,"y":320,"z":0},"rotation":{"x":0,"y":0,"z":0},"scale":{"x":16,"y":16,"z":16}},{"class":"cube","position":{"x":-760,"y":336,"z":0},"rotation":{"x":0,"y":0,"z":0},"scale":{"x":16,"y":16,"z":16}},{"class":"cube","position":{"x":-776,"y":352,"z":0},"rotation":{"x":0,"y":0,"z":0},"scale":{"x":16,"y":16,"z":16}},{"class":"cube","position":{"x":-792,"y":352,"z":0},"rotation":{"x":0,"y":0,"z":0},"scale":{"x":16,"y":16,"z":16}},{"class":"cube","position":{"x":-808,"y":352,"z":0},"rotation":{"x":0,"y":0,"z":0},"scale":{"x":16,"y":16,"z":16}},{"class":"cube","position":{"x":-824,"y":352,"z":0},"rotation":{"x":0,"y":0,"z":0},"scale":{"x":16,"y":16,"z":16}},{"class":"cube","position":{"x":-840,"y":352,"z":0},"rotation":{"x":0,"y":0,"z":0},"scale":{"x":16,"y":16,"z":16}},{"class":"cube","position":{"x":-808,"y":344,"z":0},"rotation":{"x":0,"y":0,"z":-0.2617993877991494},"scale":{"x":"72","y":16,"z":16}},{"class":"cube","position":{"x":-760,"y":320,"z":0},"rotation":{"x":0,"y":0,"z":0},"scale":{"x":16,"y":16,"z":16}},{"class":"cube","position":{"x":-776,"y":336,"z":0},"rotation":{"x":0,"y":0,"z":0},"scale":{"x":16,"y":16,"z":16}},{"class":"cube","position":{"x":-768,"y":328,"z":0},"rotation":{"x":0,"y":0,"z":-0.7853981633974483},"scale":{"x":"72","y":16,"z":16}},{"class":"cube","position":{"x":-776,"y":328,"z":0},"rotation":{"x":0,"y":0,"z":-0.7853981633974483},"scale":{"x":"72","y":16,"z":16}},{"class":"cube","position":{"x":-856,"y":352,"z":0},"rotation":{"x":0,"y":0,"z":0},"scale":{"x":16,"y":16,"z":16}},{"class":"cube","position":{"x":-872,"y":352,"z":0},"rotation":{"x":0,"y":0,"z":0},"scale":{"x":16,"y":16,"z":16}},{"class":"cube","position":{"x":-888,"y":352,"z":0},"rotation":{"x":0,"y":0,"z":0},"scale":{"x":16,"y":16,"z":16}},{"class":"cube","position":{"x":-848,"y":256,"z":0},"rotation":{"x":0,"y":0,"z":0},"scale":{"x":16,"y":16,"z":16}},{"class":"cube","position":{"x":-856,"y":240,"z":0},"rotation":{"x":0,"y":0,"z":0},"scale":{"x":16,"y":16,"z":16}},{"class":"cube","position":{"x":-896,"y":336,"z":0},"rotation":{"x":0,"y":0,"z":0},"scale":{"x":16,"y":16,"z":16}},{"class":"cube","position":{"x":-896,"y":320,"z":0},"rotation":{"x":0,"y":0,"z":0},"scale":{"x":16,"y":16,"z":16}},{"class":"cube","position":{"x":-896,"y":304,"z":0},"rotation":{"x":0,"y":0,"z":0},"scale":{"x":16,"y":16,"z":16}},{"class":"cube","position":{"x":-896,"y":288,"z":0},"rotation":{"x":0,"y":0,"z":0},"scale":{"x":16,"y":16,"z":16}},{"class":"cube","position":{"x":-896,"y":272,"z":0},"rotation":{"x":0,"y":0,"z":0},"scale":{"x":16,"y":16,"z":16}},{"class":"cube","position":{"x":-896,"y":256,"z":0},"rotation":{"x":0,"y":0,"z":0},"scale":{"x":16,"y":16,"z":16}},{"class":"cube","position":{"x":-896,"y":240,"z":0},"rotation":{"x":0,"y":0,"z":0},"scale":{"x":16,"y":16,"z":16}},{"class":"cube","position":{"x":-896,"y":224,"z":0},"rotation":{"x":0,"y":0,"z":0},"scale":{"x":16,"y":16,"z":16}},{"class":"cube","position":{"x":-896,"y":208,"z":0},"rotation":{"x":0,"y":0,"z":0},"scale":{"x":16,"y":16,"z":16}},{"class":"cube","position":{"x":-856,"y":224,"z":0},"rotation":{"x":0,"y":0,"z":0},"scale":{"x":16,"y":16,"z":16}},{"class":"cube","position":{"x":-896,"y":120,"z":0},"rotation":{"x":0,"y":0,"z":0},"scale":{"x":16,"y":"192","z":16}},{"class":"cube","position":{"x":-856,"y":120,"z":0},"rotation":{"x":0,"y":0,"z":0},"scale":{"x":16,"y":"192","z":16}},{"class":"cube","position":{"x":-856,"y":-96,"z":0},"rotation":{"x":0,"y":0,"z":0},"scale":{"x":16,"y":"512","z":16}},{"class":"cube","position":{"x":-896,"y":-96,"z":0},"rotation":{"x":0,"y":0,"z":0},"scale":{"x":16,"y":"512","z":16}},{"class":"cube","position":{"x":-1312,"y":192,"z":0},"rotation":{"x":0,"y":0,"z":0},"scale":{"x":16,"y":16,"z":16}},{"class":"cube","position":{"x":-856,"y":-200,"z":0},"rotation":{"x":0,"y":0,"z":-0.2617993877991494},"scale":{"x":16,"y":16,"z":16}},{"class":"cube","position":{"x":-856,"y":-200,"z":0},"rotation":{"x":0,"y":0,"z":-0.2617993877991494},"scale":{"x":16,"y":16,"z":16}},{"class":"cube","position":{"x":-896,"y":-312,"z":0},"rotation":{"x":0,"y":0,"z":0.2617993877991494},"scale":{"x":16,"y":16,"z":16}},{"class":"cube","position":{"x":-896,"y":-80,"z":0},"rotation":{"x":0,"y":0,"z":1.0471975511965976},"scale":{"x":16,"y":16,"z":16}},{"class":"cube","position":{"x":-856,"y":-160,"z":0},"rotation":{"x":0,"y":0,"z":2.0943951023931953},"scale":{"x":16,"y":16,"z":16}},{"class":"cube","position":{"x":-896,"y":120,"z":0},"rotation":{"x":0,"y":0,"z":-0.5235987755982988},"scale":{"x":16,"y":16,"z":16}},{"class":"cube","position":{"x":-888,"y":320,"z":0},"rotation":{"x":0,"y":0,"z":0.5235987755982988},"scale":{"x":16,"y":16,"z":16}},{"class":"cube","position":{"x":-656,"y":-384,"z":0},"rotation":{"x":0,"y":0,"z":0},"scale":{"x":"512","y":16,"z":16}},{"class":"cube","position":{"x":-392,"y":-176,"z":0},"rotation":{"x":0,"y":0,"z":-0.2617993877991494},"scale":{"x":16,"y":"456","z":16}},{"class":"gravity","position":{"x":-880,"y":-360,"z":0},"rotation":{"x":0,"y":0,"z":1.5707963267948966},"scale":{"x":16,"y":16,"z":16}},{"class":"cube","position":{"x":-304,"y":40,"z":0},"rotation":{"x":0,"y":0,"z":0},"scale":{"x":"8","y":"56","z":16}},{"class":"cube","position":{"x":-256,"y":64,"z":0},"rotation":{"x":0,"y":0,"z":1.3089969389957472},"scale":{"x":"64","y":"8","z":16}},{"class":"gravity","position":{"x":-240,"y":120,"z":0},"rotation":{"x":0,"y":0,"z":0},"scale":{"x":16,"y":16,"z":16}},{"class":"gravity","position":{"x":-88,"y":48,"z":0},"rotation":{"x":0,"y":0,"z":-3.141592653589793},"scale":{"x":16,"y":16,"z":16}},{"class":"gravity","position":{"x":-80,"y":320,"z":0},"rotation":{"x":0,"y":0,"z":1.5707963267948966},"scale":{"x":16,"y":16,"z":16}},{"class":"gravity","position":{"x":-32,"y":320,"z":0},"rotation":{"x":0,"y":0,"z":0},"scale":{"x":16,"y":16,"z":16}},{"class":"cube","position":{"x":1128,"y":96,"z":0},"rotation":{"x":0,"y":0,"z":-0.2617993877991494},"scale":{"x":16,"y":16,"z":16}},{"class":"cube","position":{"x":1096,"y":136,"z":0},"rotation":{"x":0,"y":0,"z":0.7853981633974483},"scale":{"x":16,"y":16,"z":16}},{"class":"cube","position":{"x":-520,"y":-336,"z":0},"rotation":{"x":0,"y":0,"z":-0.2617993877991494},"scale":{"x":"112","y":"8","z":16}},{"class":"cube","position":{"x":-808,"y":-336,"z":0},"rotation":{"x":0,"y":0,"z":-0.2617993877991494},"scale":{"x":"112","y":"8","z":16}},{"class":"cube","position":{"x":-776,"y":-336,"z":0},"rotation":{"x":0,"y":0,"z":-0.2617993877991494},"scale":{"x":"112","y":"8","z":16}},{"class":"cube","position":{"x":-744,"y":-336,"z":0},"rotation":{"x":0,"y":0,"z":-0.2617993877991494},"scale":{"x":"112","y":"8","z":16}},{"class":"cube","position":{"x":-712,"y":-336,"z":0},"rotation":{"x":0,"y":0,"z":-0.2617993877991494},"scale":{"x":"112","y":"8","z":16}},{"class":"cube","position":{"x":-680,"y":-336,"z":0},"rotation":{"x":0,"y":0,"z":-0.2617993877991494},"scale":{"x":"112","y":"8","z":16}},{"class":"cube","position":{"x":-648,"y":-336,"z":0},"rotation":{"x":0,"y":0,"z":-0.2617993877991494},"scale":{"x":"112","y":"8","z":16}},{"class":"cube","position":{"x":-616,"y":-336,"z":0},"rotation":{"x":0,"y":0,"z":-0.2617993877991494},"scale":{"x":"112","y":"8","z":16}},{"class":"cube","position":{"x":-584,"y":-336,"z":0},"rotation":{"x":0,"y":0,"z":-0.2617993877991494},"scale":{"x":"112","y":"8","z":16}},{"class":"cube","position":{"x":-552,"y":-336,"z":0},"rotation":{"x":0,"y":0,"z":-0.2617993877991494},"scale":{"x":"112","y":"8","z":16}},{"class":"gravity","position":{"x":1736,"y":-216,"z":0},"rotation":{"x":0,"y":0,"z":2.356194490192345},"scale":{"x":16,"y":16,"z":16}},{"class":"gravity","position":{"x":1592,"y":-216,"z":0},"rotation":{"x":0,"y":0,"z":2.356194490192345},"scale":{"x":16,"y":16,"z":16}},{"class":"cube","position":{"x":2008,"y":-40,"z":0},"rotation":{"x":0,"y":0,"z":-0.2617993877991494},"scale":{"x":"64","y":16,"z":16}},{"class":"gravity","position":{"x":800,"y":32,"z":0},"rotation":{"x":0,"y":0,"z":1.5707963267948966},"scale":{"x":16,"y":16,"z":16}},{"class":"gravity","position":{"x":1808,"y":-24,"z":0},"rotation":{"x":0,"y":0,"z":0},"scale":{"x":16,"y":16,"z":16}},{"class":"direction","position":{"x":8,"y":-48,"z":0},"rotation":{"x":0,"y":0,"z":0},"scale":{"x":16,"y":"24","z":16}},{"class":"gravity","position":{"x":-456,"y":-376,"z":0},"rotation":{"x":0,"y":0,"z":2.356194490192345},"scale":{"x":16,"y":16,"z":16}},{"class":"gravity","position":{"x":-368,"y":-8,"z":0},"rotation":{"x":0,"y":0,"z":1.5707963267948966},"scale":{"x":16,"y":16,"z":16}},{"class":"cube","position":{"x":2088,"y":-48,"z":0},"rotation":{"x":0,"y":0,"z":0},"scale":{"x":16,"y":16,"z":16}},{"class":"cube","position":{"x":2032,"y":-32,"z":0},"rotation":{"x":0,"y":0,"z":-0.2617993877991494},"scale":{"x":"104","y":16,"z":16}},{"class":"cube","position":{"x":1992,"y":-32,"z":0},"rotation":{"x":0,"y":0,"z":-0.2617993877991494},"scale":{"x":"104","y":16,"z":16}},{"class":"cube","position":{"x":2008,"y":-32,"z":0},"rotation":{"x":0,"y":0,"z":-0.2617993877991494},"scale":{"x":"104","y":16,"z":16}},{"class":"cube","position":{"x":2016,"y":-32,"z":0},"rotation":{"x":0,"y":0,"z":-0.2617993877991494},"scale":{"x":"104","y":16,"z":16}},{"class":"cube","position":{"x":2024,"y":-32,"z":0},"rotation":{"x":0,"y":0,"z":-0.2617993877991494},"scale":{"x":"104","y":16,"z":16}},{"class":"cube","position":{"x":2072,"y":-48,"z":0},"rotation":{"x":0,"y":0,"z":0},"scale":{"x":16,"y":16,"z":16}},{"class":"cube","position":{"x":2056,"y":-48,"z":0},"rotation":{"x":0,"y":0,"z":0},"scale":{"x":16,"y":16,"z":16}},{"class":"cube","position":{"x":2048,"y":-48,"z":0},"rotation":{"x":0,"y":0,"z":0},"scale":{"x":16,"y":16,"z":16}},{"class":"cube","position":{"x":1984,"y":-96,"z":0},"rotation":{"x":0,"y":0,"z":0},"scale":{"x":16,"y":16,"z":16}},{"class":"cube","position":{"x":1968,"y":-96,"z":0},"rotation":{"x":0,"y":0,"z":0},"scale":{"x":16,"y":16,"z":16}},{"class":"cube","position":{"x":1952,"y":-96,"z":0},"rotation":{"x":0,"y":0,"z":0},"scale":{"x":16,"y":16,"z":16}},{"class":"cube","position":{"x":1936,"y":-96,"z":0},"rotation":{"x":0,"y":0,"z":0},"scale":{"x":16,"y":16,"z":16}},{"class":"cube","position":{"x":1896,"y":-96,"z":0},"rotation":{"x":0,"y":0,"z":0},"scale":{"x":16,"y":16,"z":16}},{"class":"cube","position":{"x":1888,"y":-96,"z":0},"rotation":{"x":0,"y":0,"z":0},"scale":{"x":16,"y":16,"z":16}},{"class":"cube","position":{"x":1872,"y":-96,"z":0},"rotation":{"x":0,"y":0,"z":0},"scale":{"x":16,"y":16,"z":16}},{"class":"cube","position":{"x":1856,"y":-96,"z":0},"rotation":{"x":0,"y":0,"z":0},"scale":{"x":16,"y":16,"z":16}},{"class":"cube","position":{"x":1840,"y":-96,"z":0},"rotation":{"x":0,"y":0,"z":0},"scale":{"x":16,"y":16,"z":16}},{"class":"cube","position":{"x":1984,"y":-112,"z":0},"rotation":{"x":0,"y":0,"z":0},"scale":{"x":16,"y":16,"z":16}},{"class":"cube","position":{"x":1984,"y":-128,"z":0},"rotation":{"x":0,"y":0,"z":0},"scale":{"x":16,"y":16,"z":16}},{"class":"cube","position":{"x":1984,"y":-144,"z":0},"rotation":{"x":0,"y":0,"z":0},"scale":{"x":16,"y":"8","z":16}},{"class":"cube","position":{"x":1984,"y":-208,"z":0},"rotation":{"x":0,"y":0,"z":0},"scale":{"x":16,"y":16,"z":16}},{"class":"cube","position":{"x":1976,"y":-136,"z":0},"rotation":{"x":0,"y":0,"z":0.7853981633974483},"scale":{"x":"8","y":"128","z":16}},{"class":"cube","position":{"x":1984,"y":-136,"z":0},"rotation":{"x":0,"y":0,"z":0},"scale":{"x":16,"y":16,"z":16}},{"class":"cube","position":{"x":1960,"y":-176,"z":0},"rotation":{"x":0,"y":0,"z":0.7853981633974483},"scale":{"x":"8","y":"72","z":16}},{"class":"cube","position":{"x":1880,"y":-168,"z":0},"rotation":{"x":0,"y":0,"z":-0.2617993877991494},"scale":{"x":"8","y":"128","z":16}},{"class":"cube","position":{"x":1976,"y":-144,"z":0},"rotation":{"x":0,"y":0,"z":0.7853981633974483},"scale":{"x":"8","y":"128","z":16}},{"class":"cube","position":{"x":1936,"y":-184,"z":0},"rotation":{"x":0,"y":0,"z":-3.141592653589793},"scale":{"x":"8","y":"72","z":16}},{"class":"cube","position":{"x":2152,"y":-88,"z":0},"rotation":{"x":0,"y":0,"z":0},"scale":{"x":16,"y":16,"z":16}},{"class":"cube","position":{"x":2120,"y":-80,"z":0},"rotation":{"x":0,"y":0,"z":0},"scale":{"x":16,"y":16,"z":16}},{"class":"cube","position":{"x":2096,"y":-80,"z":0},"rotation":{"x":0,"y":0,"z":0},"scale":{"x":16,"y":16,"z":16}},{"class":"cube","position":{"x":2104,"y":-48,"z":0},"rotation":{"x":0,"y":0,"z":0},"scale":{"x":16,"y":16,"z":16}},{"class":"cube","position":{"x":2128,"y":-48,"z":0},"rotation":{"x":0,"y":0,"z":0},"scale":{"x":16,"y":16,"z":16}},{"class":"cube","position":{"x":2152,"y":-48,"z":0},"rotation":{"x":0,"y":0,"z":0},"scale":{"x":16,"y":16,"z":16}},{"class":"cube","position":{"x":2184,"y":-48,"z":0},"rotation":{"x":0,"y":0,"z":0},"scale":{"x":16,"y":16,"z":16}},{"class":"cube","position":{"x":2208,"y":-48,"z":0},"rotation":{"x":0,"y":0,"z":0},"scale":{"x":16,"y":16,"z":16}},{"class":"cube","position":{"x":2176,"y":-232,"z":0},"rotation":{"x":0,"y":0,"z":0},"scale":{"x":16,"y":16,"z":16}},{"class":"cube","position":{"x":2352,"y":-232,"z":0},"rotation":{"x":0,"y":0,"z":0},"scale":{"x":16,"y":16,"z":16}},{"class":"cube","position":{"x":2352,"y":16,"z":0},"rotation":{"x":0,"y":0,"z":0},"scale":{"x":16,"y":16,"z":16}},{"class":"cube","position":{"x":2240,"y":-144,"z":0},"rotation":{"x":0,"y":0,"z":0},"scale":{"x":16,"y":16,"z":16}},{"class":"cube","position":{"x":2256,"y":-152,"z":0},"rotation":{"x":0,"y":0,"z":0},"scale":{"x":16,"y":16,"z":16}},{"class":"cube","position":{"x":2272,"y":-152,"z":0},"rotation":{"x":0,"y":0,"z":0},"scale":{"x":16,"y":16,"z":16}},{"class":"cube","position":{"x":2288,"y":-144,"z":0},"rotation":{"x":0,"y":0,"z":0},"scale":{"x":16,"y":16,"z":16}},{"class":"cube","position":{"x":2240,"y":-112,"z":0},"rotation":{"x":0,"y":0,"z":0},"scale":{"x":16,"y":16,"z":16}},{"class":"cube","position":{"x":2288,"y":-112,"z":0},"rotation":{"x":0,"y":0,"z":0},"scale":{"x":16,"y":16,"z":16}},{"class":"cube","position":{"x":2240,"y":-104,"z":0},"rotation":{"x":0,"y":0,"z":0},"scale":{"x":16,"y":16,"z":16}},{"class":"cube","position":{"x":2288,"y":-104,"z":0},"rotation":{"x":0,"y":0,"z":0},"scale":{"x":16,"y":16,"z":16}},{"class":"cube","position":{"x":2264,"y":-120,"z":0},"rotation":{"x":0,"y":0,"z":0},"scale":{"x":"8","y":"8","z":16}},{"class":"cube","position":{"x":2264,"y":-128,"z":0},"rotation":{"x":0,"y":0,"z":0},"scale":{"x":"8","y":"8","z":16}},{"class":"cube","position":{"x":1992,"y":-96,"z":0},"rotation":{"x":0,"y":0,"z":0.2617993877991494},"scale":{"x":"72","y":16,"z":16}},{"class":"cube","position":{"x":2208,"y":-80,"z":0},"rotation":{"x":0,"y":0,"z":0},"scale":{"x":16,"y":16,"z":16}},{"class":"cube","position":{"x":2208,"y":-104,"z":0},"rotation":{"x":0,"y":0,"z":0},"scale":{"x":16,"y":16,"z":16}},{"class":"cube","position":{"x":2176,"y":-112,"z":0},"rotation":{"x":0,"y":0,"z":0},"scale":{"x":16,"y":16,"z":16}},{"class":"cube","position":{"x":-344,"y":144,"z":0},"rotation":{"x":0,"y":0,"z":0.2617993877991494},"scale":{"x":"48","y":"8","z":16}},{"class":"cube","position":{"x":1960,"y":-80,"z":0},"rotation":{"x":0,"y":0,"z":-1.3089969389957472},"scale":{"x":"16","y":"56","z":16}},{"class":"cube","position":{"x":-344,"y":160,"z":0},"rotation":{"x":0,"y":0,"z":-0.2617993877991494},"scale":{"x":"48","y":"8","z":16}},{"class":"cube","position":{"x":1224,"y":80,"z":0},"rotation":{"x":0,"y":0,"z":0.2617993877991494},"scale":{"x":"152","y":16,"z":16}},{"class":"cube","position":{"x":1016,"y":80,"z":0},"rotation":{"x":0,"y":0,"z":0.2617993877991494},"scale":{"x":"152","y":16,"z":16}},{"class":"cube","position":{"x":1128,"y":80,"z":0},"rotation":{"x":0,"y":0,"z":0.2617993877991494},"scale":{"x":"152","y":16,"z":16}},{"class":"cube","position":{"x":960,"y":152,"z":0},"rotation":{"x":0,"y":0,"z":-0.2617993877991494},"scale":{"x":"152","y":16,"z":16}},{"class":"cube","position":{"x":1088,"y":152,"z":0},"rotation":{"x":0,"y":0,"z":-0.2617993877991494},"scale":{"x":"152","y":16,"z":16}},{"class":"cube","position":{"x":1184,"y":152,"z":0},"rotation":{"x":0,"y":0,"z":-0.2617993877991494},"scale":{"x":"152","y":16,"z":16}},{"class":"cube","position":{"x":-376,"y":160,"z":0},"rotation":{"x":0,"y":0,"z":-0.2617993877991494},"scale":{"x":"48","y":16,"z":16}},{"class":"cube","position":{"x":-392,"y":288,"z":0},"rotation":{"x":0,"y":0,"z":-0.2617993877991494},"scale":{"x":"48","y":16,"z":16}},{"class":"gravity","position":{"x":880,"y":128,"z":0},"rotation":{"x":0,"y":0,"z":-2.356194490192345},"scale":{"x":16,"y":16,"z":16}},{"class":"gravity","position":{"x":792,"y":448,"z":0},"rotation":{"x":0,"y":0,"z":-1.5707963267948966},"scale":{"x":16,"y":16,"z":16}},{"class":"gravity","position":{"x":-872,"y":328,"z":0},"rotation":{"x":0,"y":0,"z":0},"scale":{"x":16,"y":16,"z":16}},{"class":"cube","position":{"x":-768,"y":320,"z":0},"rotation":{"x":0,"y":0,"z":-0.7853981633974483},"scale":{"x":"72","y":16,"z":16}},{"class":"direction","position":{"x":-56,"y":-48,"z":0},"rotation":{"x":0,"y":0,"z":0},"scale":{"x":16,"y":"32","z":16}},{"class":"direction","position":{"x":-24,"y":-48,"z":0},"rotation":{"x":0,"y":0,"z":0},"scale":{"x":16,"y":"24","z":16}},{"class":"direction","position":{"x":-40,"y":-48,"z":0},"rotation":{"x":0,"y":0,"z":0},"scale":{"x":16,"y":"24","z":16}},{"class":"direction","position":{"x":-8,"y":-48,"z":0},"rotation":{"x":0,"y":0,"z":0},"scale":{"x":16,"y":"24","z":16}},{"class":"cube","position":{"x":40,"y":48,"z":0},"rotation":{"x":0,"y":0,"z":0.2617993877991494},"scale":{"x":"144","y":16,"z":16}},{"class":"cube","position":{"x":576,"y":-72,"z":0},"rotation":{"x":0,"y":0,"z":0.2617993877991494},"scale":{"x":"8","y":"88","z":16}},{"class":"cube","position":{"x":5904,"y":-104,"z":0},"rotation":{"x":0,"y":0,"z":0},"scale":{"x":"512","y":16,"z":16}},{"class":"cube","position":{"x":-856,"y":-80,"z":0},"rotation":{"x":0,"y":0,"z":2.0943951023931953},"scale":{"x":16,"y":16,"z":16}},{"class":"cube","position":{"x":-856,"y":176,"z":0},"rotation":{"x":0,"y":0,"z":0.5235987755982988},"scale":{"x":16,"y":16,"z":16}},{"class":"cube","position":{"x":-856,"y":256,"z":0},"rotation":{"x":0,"y":0,"z":0.5235987755982988},"scale":{"x":16,"y":16,"z":16}},{"class":"cube","position":{"x":-296,"y":176,"z":0},"rotation":{"x":0,"y":0,"z":0},"scale":{"x":"8","y":"96","z":16}},{"class":"cube","position":{"x":-160,"y":136,"z":0},"rotation":{"x":0,"y":0,"z":1.3089969389957472},"scale":{"x":"8","y":"96","z":16}},{"class":"cube","position":{"x":2144,"y":-80,"z":0},"rotation":{"x":0,"y":0,"z":0},"scale":{"x":16,"y":16,"z":16}},{"class":"cube","position":{"x":2160,"y":-80,"z":0},"rotation":{"x":0,"y":0,"z":0},"scale":{"x":16,"y":16,"z":16}},{"class":"cube","position":{"x":2176,"y":-88,"z":0},"rotation":{"x":0,"y":0,"z":0},"scale":{"x":16,"y":16,"z":16}},{"class":"cube","position":{"x":2176,"y":-80,"z":0},"rotation":{"x":0,"y":0,"z":0},"scale":{"x":16,"y":16,"z":16}},{"class":"gravity","position":{"x":2192,"y":-64,"z":0},"rotation":{"x":0,"y":0,"z":0},"scale":{"x":"8","y":"8","z":16}},{"class":"cube","position":{"x":2024,"y":-80,"z":0},"rotation":{"x":0,"y":0,"z":0},"scale":{"x":16,"y":16,"z":16}},{"class":"cube","position":{"x":2008,"y":-80,"z":0},"rotation":{"x":0,"y":0,"z":0},"scale":{"x":16,"y":16,"z":16}},{"class":"cube","position":{"x":1992,"y":-80,"z":0},"rotation":{"x":0,"y":0,"z":0},"scale":{"x":16,"y":16,"z":16}},{"class":"direction","position":{"x":2024,"y":-80,"z":0},"rotation":{"x":0,"y":0,"z":0},"scale":{"x":16,"y":16,"z":16}},{"class":"direction","position":{"x":2168,"y":-80,"z":0},"rotation":{"x":0,"y":0,"z":-1.5707963267948966},"scale":{"x":16,"y":16,"z":16}},{"class":"cube","position":{"x":-848,"y":256,"z":0},"rotation":{"x":0,"y":0,"z":0.2617993877991494},"scale":{"x":16,"y":16,"z":16}},{"class":"cube","position":{"x":-832,"y":224,"z":0},"rotation":{"x":0,"y":0,"z":0},"scale":{"x":16,"y":"88","z":16}},{"class":"cube","position":{"x":2048,"y":-48,"z":0},"rotation":{"x":0,"y":0,"z":0},"scale":{"x":16,"y":16,"z":16}},{"class":"cube","position":{"x":-832,"y":264,"z":0},"rotation":{"x":0,"y":0,"z":0.7853981633974483},"scale":{"x":16,"y":16,"z":16}},{"class":"cube","position":{"x":-848,"y":264,"z":0},"rotation":{"x":0,"y":0,"z":0.7853981633974483},"scale":{"x":16,"y":16,"z":16}},{"class":"cube","position":{"x":-840,"y":272,"z":0},"rotation":{"x":0,"y":0,"z":0.7853981633974483},"scale":{"x":16,"y":16,"z":16}},{"class":"cube","position":{"x":-824,"y":192,"z":0},"rotation":{"x":0,"y":0,"z":0},"scale":{"x":16,"y":16,"z":16}},{"class":"cube","position":{"x":-824,"y":256,"z":0},"rotation":{"x":0,"y":0,"z":0},"scale":{"x":16,"y":16,"z":16}},{"class":"cube","position":{"x":-824,"y":240,"z":0},"rotation":{"x":0,"y":0,"z":0},"scale":{"x":16,"y":16,"z":16}},{"class":"cube","position":{"x":-824,"y":224,"z":0},"rotation":{"x":0,"y":0,"z":0},"scale":{"x":16,"y":16,"z":16}},{"class":"cube","position":{"x":-824,"y":208,"z":0},"rotation":{"x":0,"y":0,"z":0},"scale":{"x":16,"y":16,"z":16}},{"class":"cube","position":{"x":-896,"y":-184,"z":0},"rotation":{"x":0,"y":0,"z":2.356194490192345},"scale":{"x":16,"y":16,"z":16}},{"class":"cube","position":{"x":-856,"y":-232,"z":0},"rotation":{"x":0,"y":0,"z":2.356194490192345},"scale":{"x":16,"y":16,"z":16}},{"class":"cube","position":{"x":-896,"y":-280,"z":0},"rotation":{"x":0,"y":0,"z":2.356194490192345},"scale":{"x":16,"y":16,"z":16}},{"class":"cube","position":{"x":-856,"y":-280,"z":0},"rotation":{"x":0,"y":0,"z":2.356194490192345},"scale":{"x":16,"y":16,"z":16}},{"class":"cube","position":{"x":-896,"y":-304,"z":0},"rotation":{"x":0,"y":0,"z":2.356194490192345},"scale":{"x":16,"y":16,"z":16}},{"class":"finish","position":{"x":0,"y":128,"z":0},"rotation":{"x":0,"y":0,"z":0},"scale":{"x":16,"y":16,"z":16}},{"class":"resize","position":{"x":2016,"y":-64,"z":0},"rotation":{"x":0,"y":0,"z":0},"scale":{"x":"8","y":"8","z":16}},{"class":"resize","position":{"x":-512,"y":88,"z":0},"rotation":{"x":0,"y":0,"z":0},"scale":{"x":16,"y":16,"z":16}},{"class":"resize","position":{"x":1512,"y":120,"z":0},"rotation":{"x":0,"y":0,"z":0},"scale":{"x":16,"y":16,"z":16}},{"class":"direction","position":{"x":160,"y":136,"z":0},"rotation":{"x":0,"y":0,"z":-2.8797932657906444},"scale":{"x":16,"y":8,"z":16}},{"class":"cube","position":{"x":696,"y":32,"z":0},"rotation":{"x":0,"y":0,"z":0},"scale":{"x":16,"y":16,"z":16}},{"class":"spike","position":{"x":696,"y":16,"z":48},"rotation":{"x":0,"y":0,"z":3.141592653589793},"scale":{"x":16,"y":16,"z":16}},{"class":"spike","position":{"x":-584,"y":96,"z":40},"rotation":{"x":0,"y":0,"z":-2.8797932657906435},"scale":{"x":16,"y":16,"z":16}},{"class":"gravity","position":{"x":48,"y":-32,"z":0},"rotation":{"x":0,"y":0,"z":-3.141592653589793},"scale":{"x":16,"y":16,"z":16}},{"class":"gravity","position":{"x":104,"y":48,"z":0},"rotation":{"x":0,"y":0,"z":0},"scale":{"x":16,"y":16,"z":16}},{"class":"cube","position":{"x":-16,"y":32,"z":0},"rotation":{"x":0,"y":0,"z":0},"scale":{"x":16,"y":16,"z":16},"text":"Long way"}]}