{"name":"16BitPlayer","author":"16BitPlayer","description":"16BitPlayer","children":[{"class":"player","position":{"x":0,"y":24,"z":0},"rotation":{"x":0,"y":0,"z":1.5707963267948966},"scale":{"x":"16","y":16,"z":16},"isStatic":false,"friction":0},{"class":"cube","position":{"x":0,"y":-40,"z":0},"rotation":{"x":0,"y":0,"z":-0.5235987755982988},"scale":{"x":"112","y":16,"z":16}},{"class":"cube","position":{"x":264,"y":0,"z":0},"rotation":{"x":0,"y":0,"z":0},"scale":{"x":"144","y":16,"z":16}},{"class":"direction","position":{"x":328,"y":40,"z":0},"rotation":{"x":0,"y":0,"z":3.141592653589793},"scale":{"x":16,"y":"64","z":"16"}},{"class":"direction","position":{"x":48,"y":80,"z":0},"rotation":{"x":0,"y":0,"z":0},"scale":{"x":16,"y":16,"z":16}},{"class":"tip","position":{"x":104,"y":-408,"z":0},"rotation":{"x":0,"y":0,"z":0},"scale":{"x":16,"y":16,"z":16},"text":"lol"},{"class":"cube","position":{"x":360,"y":-88,"z":0},"rotation":{"x":0,"y":0,"z":0},"scale":{"x":"112","y":16,"z":16}},{"class":"cube","position":{"x":144,"y":-424,"z":0},"rotation":{"x":0,"y":0,"z":0},"scale":{"x":"96","y":16,"z":16}},{"class":"bounce","position":{"x":656,"y":-104,"z":0},"rotation":{"x":0,"y":0,"z":0},"scale":{"x":"96","y":16,"z":16}},{"class":"cube","position":{"x":784,"y":-72,"z":0},"rotation":{"x":0,"y":0,"z":0},"scale":{"x":"128","y":16,"z":16}},{"class":"spike","position":{"x":824,"y":-56,"z":0},"rotation":{"x":0,"y":0,"z":0},"scale":{"x":16,"y":16,"z":16}},{"class":"spike","position":{"x":840,"y":-40,"z":0},"rotation":{"x":0,"y":0,"z":0},"scale":{"x":16,"y":16,"z":16}},{"class":"cube","position":{"x":840,"y":-56,"z":0},"rotation":{"x":0,"y":0,"z":0},"scale":{"x":16,"y":16,"z":16}},{"class":"direction","position":{"x":1176,"y":-272,"z":0},"rotation":{"x":0,"y":0,"z":-3.141592653589793},"scale":{"x":16,"y":"48","z":16}},{"class":"cube","position":{"x":928,"y":-304,"z":0},"rotation":{"x":0,"y":0,"z":0},"scale":{"x":"512","y":16,"z":16}},{"class":"spike","position":{"x":968,"y":-288,"z":0},"rotation":{"x":0,"y":0,"z":0},"scale":{"x":16,"y":16,"z":16}},{"class":"spike","position":{"x":888,"y":-288,"z":0},"rotation":{"x":0,"y":0,"z":0},"scale":{"x":16,"y":16,"z":16}},{"class":"spike","position":{"x":848,"y":-208,"z":0},"rotation":{"x":0,"y":0,"z":0},"scale":{"x":"320","y":16,"z":16}},{"class":"spike","position":{"x":744,"y":-288,"z":0},"rotation":{"x":0,"y":0,"z":0},"scale":{"x":16,"y":16,"z":16}},{"class":"spike","position":{"x":816,"y":-240,"z":0},"rotation":{"x":0,"y":0,"z":-3.141592653589793},"scale":{"x":16,"y":16,"z":16}},{"class":"spike","position":{"x":680,"y":-240,"z":0},"rotation":{"x":0,"y":0,"z":-3.141592653589793},"scale":{"x":16,"y":16,"z":16}},{"class":"cube","position":{"x":872,"y":-224,"z":0},"rotation":{"x":0,"y":0,"z":0},"scale":{"x":"400","y":16,"z":16}},{"class":"cube","position":{"x":528,"y":-224,"z":0},"rotation":{"x":0,"y":0,"z":0},"scale":{"x":"288","y":16,"z":16}},{"class":"spike","position":{"x":544,"y":-208,"z":0},"rotation":{"x":0,"y":0,"z":0},"scale":{"x":"304","y":16,"z":16}},{"class":"spike","position":{"x":536,"y":-240,"z":0},"rotation":{"x":0,"y":0,"z":3.141592653589793},"scale":{"x":"80","y":16,"z":16}},{"class":"spike","position":{"x":928,"y":-240,"z":0},"rotation":{"x":0,"y":0,"z":3.141592653589793},"scale":{"x":16,"y":16,"z":16}},{"class":"spike","position":{"x":624,"y":-240,"z":0},"rotation":{"x":0,"y":0,"z":-3.141592653589793},"scale":{"x":16,"y":16,"z":16}},{"class":"cube","position":{"x":464,"y":-376,"z":0},"rotation":{"x":0,"y":0,"z":0},"scale":{"x":"160","y":16,"z":16}},{"class":"spike","position":{"x":496,"y":-320,"z":0},"rotation":{"x":0,"y":0,"z":-3.141592653589793},"scale":{"x":16,"y":16,"z":16}},{"class":"spike","position":{"x":464,"y":-360,"z":0},"rotation":{"x":0,"y":0,"z":0},"scale":{"x":16,"y":16,"z":16}},{"class":"spike","position":{"x":424,"y":-320,"z":0},"rotation":{"x":0,"y":0,"z":-3.141592653589793},"scale":{"x":16,"y":16,"z":16}},{"class":"cube","position":{"x":144,"y":-488,"z":0},"rotation":{"x":0,"y":0,"z":0},"scale":{"x":"96","y":16,"z":16}},{"class":"finish","position":{"x":104,"y":-472,"z":0},"rotation":{"x":0,"y":0,"z":0},"scale":{"x":16,"y":16,"z":16}},{"class":"cube","position":{"x":440,"y":-304,"z":0},"rotation":{"x":0,"y":0,"z":0},"scale":{"x":"176","y":16,"z":16}},{"class":"spike","position":{"x":416,"y":-288,"z":0},"rotation":{"x":0,"y":0,"z":0},"scale":{"x":"128","y":16,"z":16}},{"class":"cube","position":{"x":-344,"y":-600,"z":0},"rotation":{"x":0,"y":0,"z":0},"scale":{"x":16,"y":16,"z":16}},{"class":"cube","position":{"x":-328,"y":-600,"z":0},"rotation":{"x":0,"y":0,"z":0},"scale":{"x":16,"y":16,"z":16}},{"class":"cube","position":{"x":-312,"y":-600,"z":0},"rotation":{"x":0,"y":0,"z":0},"scale":{"x":16,"y":16,"z":16}},{"class":"cube","position":{"x":-296,"y":-600,"z":0},"rotation":{"x":0,"y":0,"z":0},"scale":{"x":16,"y":16,"z":16}},{"class":"cube","position":{"x":-280,"y":-600,"z":0},"rotation":{"x":0,"y":0,"z":0},"scale":{"x":16,"y":16,"z":16}},{"class":"tip","position":{"x":-344,"y":-584,"z":0},"rotation":{"x":0,"y":0,"z":0},"scale":{"x":16,"y":16,"z":16},"text":"Toasted mango"},{"class":"cube","position":{"x":1400,"y":-472,"z":0},"rotation":{"x":0,"y":0,"z":0},"scale":{"x":16,"y":16,"z":16}},{"class":"cube","position":{"x":1408,"y":-472,"z":0},"rotation":{"x":0,"y":0,"z":0},"scale":{"x":16,"y":16,"z":16}},{"class":"cube","position":{"x":1424,"y":-472,"z":0},"rotation":{"x":0,"y":0,"z":0},"scale":{"x":16,"y":16,"z":16}},{"class":"cube","position":{"x":1432,"y":-472,"z":0},"rotation":{"x":0,"y":0,"z":0},"scale":{"x":16,"y":16,"z":16}},{"class":"cube","position":{"x":1448,"y":-472,"z":0},"rotation":{"x":0,"y":0,"z":0},"scale":{"x":16,"y":16,"z":16}},{"class":"cube","position":{"x":1464,"y":-472,"z":0},"rotation":{"x":0,"y":0,"z":0},"scale":{"x":16,"y":16,"z":16}},{"class":"cube","position":{"x":1480,"y":-472,"z":0},"rotation":{"x":0,"y":0,"z":0},"scale":{"x":16,"y":16,"z":16}},{"class":"cube","position":{"x":1496,"y":-472,"z":0},"rotation":{"x":0,"y":0,"z":0},"scale":{"x":16,"y":16,"z":16}},{"class":"cube","position":{"x":1512,"y":-472,"z":0},"rotation":{"x":0,"y":0,"z":0},"scale":{"x":16,"y":16,"z":16}},{"class":"tip","position":{"x":1512,"y":-456,"z":0},"rotation":{"x":0,"y":0,"z":0},"scale":{"x":16,"y":16,"z":16},"text":"zoo wee mama"}]}