{"name":"Campaign Level 35","description":"Spider Cave","children":[{"class":"player","position":{"x":0,"y":6024,"z":0},"rotation":{"x":0,"y":0,"z":0},"scale":{"x":16,"y":16,"z":16},"isStatic":false,"friction":0},{"class":"cube","position":{"x":-168,"y":5824,"z":0},"rotation":{"x":0,"y":0,"z":0},"scale":{"x":352,"y":336,"z":32}},{"class":"cube","position":{"x":-176,"y":6176,"z":0},"rotation":{"x":0,"y":0,"z":0},"scale":{"x":336,"y":368,"z":32}},{"class":"grapple","position":{"x":0,"y":6000,"z":0},"rotation":{"x":0,"y":0,"z":0},"scale":{"x":16,"y":16,"z":"16"}},{"class":"cube","position":{"x":56,"y":5752,"z":0},"rotation":{"x":0,"y":0,"z":-0.36279187253008194},"scale":{"x":336,"y":312,"z":"32"}},{"class":"cube","position":{"x":-24,"y":6320,"z":0},"rotation":{"x":0,"y":0,"z":0.2550483170568749},"scale":{"x":464,"y":360,"z":32}},{"class":"cube","position":{"x":312,"y":6312,"z":0},"rotation":{"x":0,"y":0,"z":-0.37688833834997987},"scale":{"x":472,"y":344,"z":32}},{"class":"cube","position":{"x":472,"y":6072,"z":0},"rotation":{"x":0,"y":0,"z":-1.0637699150908728},"scale":{"x":72,"y":64,"z":32}},{"class":"cube","position":{"x":792,"y":6224,"z":0},"rotation":{"x":0,"y":0,"z":-0.04716458040420124},"scale":{"x":632,"y":384,"z":32}},{"class":"cube","position":{"x":728,"y":6040,"z":0},"rotation":{"x":0,"y":0,"z":0.5992324223148979},"scale":{"x":160,"y":512,"z":32}},{"class":"cube","position":{"x":256,"y":5600,"z":0},"rotation":{"x":0,"y":0,"z":0.2863984112648711},"scale":{"x":400,"y":488,"z":32}},{"class":"cube","position":{"x":480,"y":5680,"z":0},"rotation":{"x":0,"y":0,"z":-0.23179070263695964},"scale":{"x":296,"y":288,"z":32}},{"class":"cube","position":{"x":1000,"y":5984,"z":0},"rotation":{"x":0,"y":0,"z":0},"scale":{"x":352,"y":312,"z":32}},{"class":"cube","position":{"x":712,"y":5408,"z":0},"rotation":{"x":0,"y":0,"z":-0.4421031926070451},"scale":{"x":752,"y":456,"z":32}},{"class":"cube","position":{"x":1592,"y":5952,"z":0},"rotation":{"x":0,"y":0,"z":0.48198196968146023},"scale":{"x":896,"y":1136,"z":32}},{"class":"cube","position":{"x":1432,"y":5040,"z":0},"rotation":{"x":0,"y":0,"z":-0.2582053345944841},"scale":{"x":320,"y":920,"z":32}},{"class":"cube","position":{"x":1032,"y":5384,"z":0},"rotation":{"x":0,"y":0,"z":0.46492406507805495},"scale":{"x":352,"y":272,"z":32}},{"class":"cube","position":{"x":1344,"y":5032,"z":0},"rotation":{"x":0,"y":0,"z":0.35377666681593983},"scale":{"x":408,"y":320,"z":32}},{"class":"cube","position":{"x":1776,"y":5112,"z":0},"rotation":{"x":0,"y":0,"z":0},"scale":{"x":584,"y":1008,"z":32}},{"class":"cube","position":{"x":1120,"y":4456,"z":0},"rotation":{"x":0,"y":0,"z":0.33932327857654593},"scale":{"x":480,"y":424,"z":32}},{"class":"cube","position":{"x":536,"y":4912,"z":0},"rotation":{"x":0,"y":0,"z":0.4774378955929274},"scale":{"x":752,"y":592,"z":32}},{"class":"cube","position":{"x":1560,"y":4368,"z":0},"rotation":{"x":0,"y":0,"z":0},"scale":{"x":624,"y":648,"z":32}},{"class":"cube","position":{"x":440,"y":3856,"z":0},"rotation":{"x":0,"y":0,"z":-0.12646795045105808},"scale":{"x":720,"y":656,"z":32}},{"class":"cube","position":{"x":1088,"y":4208,"z":0},"rotation":{"x":0,"y":0,"z":0.2178070173445137},"scale":{"x":720,"y":656,"z":32}},{"class":"cube","position":{"x":896,"y":4056,"z":0},"rotation":{"x":0,"y":0,"z":0.12095574927090158},"scale":{"x":720,"y":656,"z":32}},{"class":"cube","position":{"x":696,"y":3952,"z":0},"rotation":{"x":0,"y":0,"z":0.005516331974389499},"scale":{"x":720,"y":656,"z":32}},{"class":"cube","position":{"x":40,"y":4696,"z":0},"rotation":{"x":0,"y":0,"z":0.3226753728097853},"scale":{"x":552,"y":456,"z":32}},{"class":"cube","position":{"x":-672,"y":4784,"z":0},"rotation":{"x":0,"y":0,"z":0.6686342120673372},"scale":{"x":728,"y":592,"z":32}},{"class":"cube","position":{"x":-328,"y":3784,"z":0},"rotation":{"x":0,"y":0,"z":-0.1288201666997294},"scale":{"x":584,"y":992,"z":32}},{"class":"cube","position":{"x":-904,"y":4504,"z":0},"rotation":{"x":0,"y":0,"z":0},"scale":{"x":616,"y":512,"z":32}},{"class":"cube","position":{"x":16,"y":5248,"z":0},"rotation":{"x":0,"y":0,"z":0},"scale":{"x":1064,"y":912,"z":32}},{"class":"cube","position":{"x":-200,"y":2864,"z":0},"rotation":{"x":0,"y":0,"z":-0.35473794932944475},"scale":{"x":1104,"y":808,"z":32}},{"class":"cube","position":{"x":128,"y":3008,"z":0},"rotation":{"x":0,"y":0,"z":-0.14864665016609388},"scale":{"x":328,"y":600,"z":32}},{"class":"cube","position":{"x":960,"y":3432,"z":0},"rotation":{"x":0,"y":0,"z":-0.48309536529726493},"scale":{"x":72,"y":240,"z":32}},{"class":"cube","position":{"x":1048,"y":3544,"z":0},"rotation":{"x":0,"y":0,"z":-0.9297334611633808},"scale":{"x":80,"y":216,"z":32}},{"class":"cube","position":{"x":1208,"y":3632,"z":0},"rotation":{"x":0,"y":0,"z":-1.2230816902073123},"scale":{"x":96,"y":272,"z":32}},{"class":"cube","position":{"x":912,"y":3584,"z":0},"rotation":{"x":0,"y":0,"z":-0.5756784090834889},"scale":{"x":288,"y":464,"z":32}},{"class":"cube","position":{"x":1224,"y":3744,"z":0},"rotation":{"x":0,"y":0,"z":0.2345307017866725},"scale":{"x":280,"y":168,"z":32}},{"class":"cube","position":{"x":1488,"y":3864,"z":0},"rotation":{"x":0,"y":0,"z":0.11451166337533397},"scale":{"x":608,"y":464,"z":32}},{"class":"cube","position":{"x":920,"y":3320,"z":0},"rotation":{"x":0,"y":0,"z":-0.12958098538185137},"scale":{"x":48,"y":680,"z":32}},{"class":"cube","position":{"x":776,"y":2768,"z":0},"rotation":{"x":0,"y":0,"z":-0.1280479602028407},"scale":{"x":184,"y":216,"z":32}},{"class":"cube","position":{"x":1056,"y":2808,"z":0},"rotation":{"x":0,"y":0,"z":-0.1226754262586095},"scale":{"x":224,"y":360,"z":32}},{"class":"cube","position":{"x":728,"y":2920,"z":0},"rotation":{"x":0,"y":0,"z":0.27590535695885593},"scale":{"x":96,"y":104,"z":32}},{"class":"cube","position":{"x":784,"y":2880,"z":0},"rotation":{"x":0,"y":0,"z":0.74872416793431},"scale":{"x":56,"y":96,"z":32}},{"class":"cube","position":{"x":824,"y":2864,"z":0},"rotation":{"x":0,"y":0,"z":-0.5140811972537255},"scale":{"x":56,"y":32,"z":32}},{"class":"cube","position":{"x":880,"y":2512,"z":0},"rotation":{"x":0,"y":0,"z":-0.12025424405131191},"scale":{"x":600,"y":280,"z":32}},{"class":"bounce","position":{"x":-56,"y":3248,"z":0},"rotation":{"x":0,"y":0,"z":-0.0960104582355328},"scale":{"x":144,"y":"80","z":"20"}},{"class":"bounce","position":{"x":888,"y":2672,"z":0},"rotation":{"x":0,"y":0,"z":-0.1275375724146368},"scale":{"x":144,"y":48,"z":"16"}},{"class":"spike","position":{"x":592,"y":2656,"z":0},"rotation":{"x":0,"y":0,"z":-0.4339736236657217},"scale":{"x":88,"y":40,"z":"28"}},{"class":"spike","position":{"x":376,"y":2752,"z":0},"rotation":{"x":0,"y":0,"z":-0.4339736236657217},"scale":{"x":88,"y":40,"z":"28"}},{"class":"spike","position":{"x":448,"y":2720,"z":0},"rotation":{"x":0,"y":0,"z":-0.4339736236657217},"scale":{"x":88,"y":40,"z":"28"}},{"class":"spike","position":{"x":520,"y":2688,"z":0},"rotation":{"x":0,"y":0,"z":-0.4339736236657217},"scale":{"x":88,"y":40,"z":"28"}},{"class":"cube","position":{"x":360,"y":2424,"z":0},"rotation":{"x":0,"y":0,"z":-0.40294195545487976},"scale":{"x":472,"y":584,"z":32}},{"class":"spike","position":{"x":872,"y":3280,"z":0},"rotation":{"x":0,"y":0,"z":1.4499506521253005},"scale":{"x":88,"y":40,"z":"28"}},{"class":"cube","position":{"x":2016,"y":3688,"z":0},"rotation":{"x":0,"y":0,"z":0},"scale":{"x":112,"y":16,"z":32}},{"class":"spike","position":{"x":296,"y":4512,"z":0},"rotation":{"x":0,"y":0,"z":2.0526226987575744},"scale":{"x":56,"y":48,"z":"28"}},{"class":"cube","position":{"x":2280,"y":3688,"z":0},"rotation":{"x":0,"y":0,"z":0},"scale":{"x":120,"y":16,"z":32}},{"class":"cube","position":{"x":2560,"y":3688,"z":0},"rotation":{"x":0,"y":0,"z":0},"scale":{"x":120,"y":16,"z":32}},{"class":"finish","position":{"x":1920,"y":4560,"z":0},"rotation":{"x":0,"y":0,"z":0},"scale":{"x":96,"y":96,"z":32}},{"class":"gravity","position":{"x":2952,"y":3688,"z":0},"rotation":{"x":0,"y":0,"z":3.141592653589793},"scale":{"x":16,"y":16,"z":32}},{"class":"spike","position":{"x":3744,"y":4576,"z":0},"rotation":{"x":0,"y":0,"z":3.141592653589793},"scale":{"x":"96","y":"64","z":32}},{"class":"cube","position":{"x":3408,"y":5080,"z":0},"rotation":{"x":0,"y":0,"z":0},"scale":{"x":2680,"y":944,"z":32}},{"class":"cube","position":{"x":4248,"y":3504,"z":0},"rotation":{"x":0,"y":0,"z":0},"scale":{"x":1000,"y":2208,"z":32}},{"class":"spike","position":{"x":2208,"y":4576,"z":0},"rotation":{"x":0,"y":0,"z":3.141592653589793},"scale":{"x":"96","y":"64","z":32}},{"class":"spike","position":{"x":2304,"y":4576,"z":0},"rotation":{"x":0,"y":0,"z":3.141592653589793},"scale":{"x":"96","y":"64","z":32}},{"class":"spike","position":{"x":2400,"y":4576,"z":0},"rotation":{"x":0,"y":0,"z":3.141592653589793},"scale":{"x":"96","y":"64","z":32}},{"class":"spike","position":{"x":2496,"y":4576,"z":0},"rotation":{"x":0,"y":0,"z":3.141592653589793},"scale":{"x":"96","y":"64","z":32}},{"class":"spike","position":{"x":2592,"y":4576,"z":0},"rotation":{"x":0,"y":0,"z":3.141592653589793},"scale":{"x":"96","y":"64","z":32}},{"class":"spike","position":{"x":2688,"y":4576,"z":0},"rotation":{"x":0,"y":0,"z":3.141592653589793},"scale":{"x":"96","y":"64","z":32}},{"class":"spike","position":{"x":2784,"y":4576,"z":0},"rotation":{"x":0,"y":0,"z":3.141592653589793},"scale":{"x":"96","y":"64","z":32}},{"class":"spike","position":{"x":2880,"y":4576,"z":0},"rotation":{"x":0,"y":0,"z":3.141592653589793},"scale":{"x":"96","y":"64","z":32}},{"class":"spike","position":{"x":2976,"y":4576,"z":0},"rotation":{"x":0,"y":0,"z":3.141592653589793},"scale":{"x":"96","y":"64","z":32}},{"class":"spike","position":{"x":3072,"y":4576,"z":0},"rotation":{"x":0,"y":0,"z":3.141592653589793},"scale":{"x":"96","y":"64","z":32}},{"class":"spike","position":{"x":3168,"y":4576,"z":0},"rotation":{"x":0,"y":0,"z":3.141592653589793},"scale":{"x":"96","y":"64","z":32}},{"class":"spike","position":{"x":3264,"y":4576,"z":0},"rotation":{"x":0,"y":0,"z":3.141592653589793},"scale":{"x":"96","y":"64","z":32}},{"class":"spike","position":{"x":3360,"y":4576,"z":0},"rotation":{"x":0,"y":0,"z":3.141592653589793},"scale":{"x":"96","y":"64","z":32}},{"class":"spike","position":{"x":3456,"y":4576,"z":0},"rotation":{"x":0,"y":0,"z":3.141592653589793},"scale":{"x":"96","y":"64","z":32}},{"class":"spike","position":{"x":3552,"y":4576,"z":0},"rotation":{"x":0,"y":0,"z":3.141592653589793},"scale":{"x":"96","y":"64","z":32}},{"class":"spike","position":{"x":3648,"y":4576,"z":0},"rotation":{"x":0,"y":0,"z":3.141592653589793},"scale":{"x":"96","y":"64","z":32}},{"class":"cube","position":{"x":-792,"y":4008,"z":0},"rotation":{"x":0,"y":0,"z":0},"scale":{"x":648,"y":760,"z":32}},{"class":"cube","position":{"x":1784,"y":3936,"z":0},"rotation":{"x":0,"y":0,"z":-0.6957991407672588},"scale":{"x":224,"y":288,"z":32}},{"class":"cube","position":{"x":2016,"y":3712,"z":0},"rotation":{"x":0,"y":0,"z":0},"scale":{"x":32,"y":32,"z":32},"isStatic":false,"friction":1},{"class":"cube","position":{"x":2280,"y":3712,"z":0},"rotation":{"x":0,"y":0,"z":0},"scale":{"x":32,"y":32,"z":32},"isStatic":false,"friction":1},{"class":"cube","position":{"x":2560,"y":3712,"z":0},"rotation":{"x":0,"y":0,"z":0},"scale":{"x":32,"y":32,"z":32},"isStatic":false,"friction":1},{"class":"cube","position":{"x":80,"y":3600,"z":0},"rotation":{"x":0,"y":0,"z":-0.29675824070915857},"scale":{"x":72,"y":96,"z":32}},{"class":"spike","position":{"x":248,"y":4224,"z":0},"rotation":{"x":0,"y":0,"z":-0.14414479674644765},"scale":{"x":48,"y":40,"z":"28"}},{"class":"spike","position":{"x":2112,"y":4576,"z":0},"rotation":{"x":0,"y":0,"z":3.141592653589793},"scale":{"x":"96","y":"64","z":32}},{"class":"spike","position":{"x":2016,"y":4576,"z":0},"rotation":{"x":0,"y":0,"z":3.141592653589793},"scale":{"x":"96","y":"64","z":32}},{"class":"spike","position":{"x":1944,"y":3704,"z":0},"rotation":{"x":0,"y":0,"z":-3.349445106423269},"scale":{"x":16,"y":24,"z":16}},{"class":"spike","position":{"x":1824,"y":3712,"z":0},"rotation":{"x":0,"y":0,"z":-3.4548594176194363},"scale":{"x":16,"y":24,"z":16}},{"class":"spike","position":{"x":1848,"y":3712,"z":0},"rotation":{"x":0,"y":0,"z":-2.604874707948615},"scale":{"x":16,"y":24,"z":16}},{"class":"spike","position":{"x":1864,"y":3720,"z":0},"rotation":{"x":0,"y":0,"z":-3.050490954864567},"scale":{"x":16,"y":24,"z":16}},{"class":"spike","position":{"x":1880,"y":3704,"z":0},"rotation":{"x":0,"y":0,"z":-3.199852315058116},"scale":{"x":16,"y":24,"z":16}},{"class":"spike","position":{"x":1896,"y":3704,"z":0},"rotation":{"x":0,"y":0,"z":-3.7481529401440024},"scale":{"x":16,"y":24,"z":16}},{"class":"spike","position":{"x":1912,"y":3704,"z":0},"rotation":{"x":0,"y":0,"z":-3.0668144158872193},"scale":{"x":16,"y":24,"z":16}},{"class":"spike","position":{"x":1928,"y":3704,"z":0},"rotation":{"x":0,"y":0,"z":-2.856211380950723},"scale":{"x":16,"y":24,"z":16}},{"class":"cube","position":{"x":1840,"y":3728,"z":0},"rotation":{"x":0,"y":0,"z":0.3433385945558381},"scale":{"x":72,"y":16,"z":"32"}},{"class":"cube","position":{"x":1936,"y":3720,"z":0},"rotation":{"x":0,"y":0,"z":-0.26646404161796855},"scale":{"x":48,"y":16,"z":"32"}},{"class":"cube","position":{"x":1896,"y":3720,"z":0},"rotation":{"x":0,"y":0,"z":-0.012848716673020733},"scale":{"x":48,"y":16,"z":"32"}},{"class":"cube","position":{"x":80,"y":5928,"z":0},"rotation":{"x":0,"y":0,"z":-0.34739562964220466},"scale":{"x":16,"y":16,"z":"4"},"isStatic":false,"friction":0},{"class":"cube","position":{"x":48,"y":5936,"z":0},"rotation":{"x":0,"y":0,"z":-0.34739562964220466},"scale":{"x":16,"y":16,"z":"4"},"isStatic":false,"friction":0},{"class":"cube","position":{"x":112,"y":5912,"z":0},"rotation":{"x":0,"y":0,"z":-0.34739562964220466},"scale":{"x":16,"y":16,"z":"4"},"isStatic":false,"friction":0},{"class":"cube","position":{"x":96,"y":5944,"z":0},"rotation":{"x":0,"y":0,"z":-0.34739562964220466},"scale":{"x":16,"y":16,"z":"4"},"isStatic":false,"friction":0},{"class":"cube","position":{"x":72,"y":5952,"z":0},"rotation":{"x":0,"y":0,"z":-0.34739562964220466},"scale":{"x":16,"y":16,"z":"4"},"isStatic":false,"friction":0},{"class":"gravity","position":{"x":2776,"y":3688,"z":0},"rotation":{"x":0,"y":0,"z":3.141592653589793},"scale":{"x":16,"y":16,"z":32}},{"class":"gravity","position":{"x":2824,"y":3736,"z":0},"rotation":{"x":0,"y":0,"z":3.141592653589793},"scale":{"x":16,"y":16,"z":32}},{"class":"gravity","position":{"x":2808,"y":3688,"z":0},"rotation":{"x":0,"y":0,"z":3.141592653589793},"scale":{"x":16,"y":16,"z":32}},{"class":"gravity","position":{"x":2824,"y":3688,"z":0},"rotation":{"x":0,"y":0,"z":3.141592653589793},"scale":{"x":16,"y":16,"z":32}},{"class":"gravity","position":{"x":2840,"y":3688,"z":0},"rotation":{"x":0,"y":0,"z":3.141592653589793},"scale":{"x":16,"y":16,"z":32}},{"class":"gravity","position":{"x":2856,"y":3688,"z":0},"rotation":{"x":0,"y":0,"z":3.141592653589793},"scale":{"x":16,"y":16,"z":32}},{"class":"gravity","position":{"x":2872,"y":3688,"z":0},"rotation":{"x":0,"y":0,"z":3.141592653589793},"scale":{"x":16,"y":16,"z":32}},{"class":"gravity","position":{"x":2888,"y":3688,"z":0},"rotation":{"x":0,"y":0,"z":3.141592653589793},"scale":{"x":16,"y":16,"z":32}},{"class":"gravity","position":{"x":2904,"y":3688,"z":0},"rotation":{"x":0,"y":0,"z":3.141592653589793},"scale":{"x":16,"y":16,"z":32}},{"class":"gravity","position":{"x":2920,"y":3688,"z":0},"rotation":{"x":0,"y":0,"z":3.141592653589793},"scale":{"x":16,"y":16,"z":32}},{"class":"gravity","position":{"x":2936,"y":3688,"z":0},"rotation":{"x":0,"y":0,"z":3.141592653589793},"scale":{"x":16,"y":16,"z":32}},{"class":"gravity","position":{"x":2824,"y":3640,"z":0},"rotation":{"x":0,"y":0,"z":3.141592653589793},"scale":{"x":16,"y":16,"z":32}},{"class":"gravity","position":{"x":2792,"y":3688,"z":0},"rotation":{"x":0,"y":0,"z":3.141592653589793},"scale":{"x":16,"y":16,"z":32}},{"class":"gravity","position":{"x":2792,"y":3672,"z":0},"rotation":{"x":0,"y":0,"z":3.141592653589793},"scale":{"x":16,"y":16,"z":32}},{"class":"gravity","position":{"x":2792,"y":3704,"z":0},"rotation":{"x":0,"y":0,"z":3.141592653589793},"scale":{"x":16,"y":16,"z":32}},{"class":"gravity","position":{"x":2808,"y":3720,"z":0},"rotation":{"x":0,"y":0,"z":3.141592653589793},"scale":{"x":16,"y":16,"z":32}},{"class":"gravity","position":{"x":2808,"y":3656,"z":0},"rotation":{"x":0,"y":0,"z":3.141592653589793},"scale":{"x":16,"y":16,"z":32}},{"class":"cube","position":{"x":-416,"y":4296,"z":0},"rotation":{"x":0,"y":0,"z":-0.556315686380363},"scale":{"x":232,"y":104,"z":"32"},"text":"Do not touch the spikes!"},{"class":"tip","position":{"x":-280,"y":4656,"z":0},"rotation":{"x":0,"y":0,"z":0},"scale":{"x":16,"y":16,"z":16},"text":"Halt! You shouldn't be here!"}]}