{"name":"Campaign Level 31","description":"Escape Room","children":[{"class":"player","position":{"x":0,"y":0,"z":0},"rotation":{"x":0,"y":0,"z":0},"scale":{"x":16,"y":16,"z":16},"isStatic":false,"friction":0},{"class":"grapple","position":{"x":0,"y":-64,"z":0},"rotation":{"x":0,"y":0,"z":0},"scale":{"x":16,"y":16,"z":16}},{"class":"cube","position":{"x":-40,"y":-64,"z":0},"rotation":{"x":0,"y":0,"z":0},"scale":{"x":"64","y":16,"z":16}},{"class":"spike","position":{"x":120,"y":23.999999999999993,"z":0},"rotation":{"x":0,"y":0,"z":1.5707963267948966},"scale":{"x":"32","y":"16","z":16},"isStatic":false,"friction":0.25},{"class":"cube","position":{"x":120,"y":-24,"z":0},"rotation":{"x":0,"y":0,"z":0},"scale":{"x":16,"y":"64","z":16}},{"class":"cube","position":{"x":168,"y":-8,"z":0},"rotation":{"x":0,"y":0,"z":0},"scale":{"x":"80","y":16,"z":16}},{"class":"cube","position":{"x":16,"y":-56,"z":0},"rotation":{"x":0,"y":0,"z":0},"scale":{"x":16,"y":16,"z":16}},{"class":"cube","position":{"x":168,"y":-64,"z":0},"rotation":{"x":0,"y":0,"z":0},"scale":{"x":"320","y":16,"z":16}},{"class":"finish","position":{"x":320,"y":16.000000000000007,"z":0},"rotation":{"x":0,"y":0,"z":0},"scale":{"x":16,"y":16,"z":16},"isStatic":false,"friction":1},{"class":"cube","position":{"x":120,"y":80,"z":0},"rotation":{"x":0,"y":0,"z":0},"scale":{"x":"384","y":16,"z":16}},{"class":"cube","position":{"x":320,"y":56,"z":0},"rotation":{"x":0,"y":0,"z":0},"scale":{"x":16,"y":"64","z":16}},{"class":"spike","position":{"x":304,"y":0,"z":0},"rotation":{"x":0,"y":0,"z":1.5707963267948966},"scale":{"x":16,"y":16,"z":16}},{"class":"spike","position":{"x":304,"y":32,"z":0},"rotation":{"x":0,"y":0,"z":1.5707963267948966},"scale":{"x":16,"y":16,"z":16}},{"class":"cube","position":{"x":320,"y":-24,"z":0},"rotation":{"x":0,"y":0,"z":0},"scale":{"x":16,"y":"64","z":16}},{"class":"cube","position":{"x":-64,"y":8,"z":0},"rotation":{"x":0,"y":0,"z":0},"scale":{"x":"16","y":"128","z":16}},{"class":"cube","position":{"x":216,"y":-24,"z":0},"rotation":{"x":0,"y":0,"z":0},"scale":{"x":16,"y":"64","z":16}},{"class":"spike","position":{"x":120,"y":56,"z":0},"rotation":{"x":0,"y":0,"z":1.5707963267948966},"scale":{"x":"32","y":"16","z":16}},{"class":"cube","position":{"x":-440,"y":-168,"z":0},"rotation":{"x":0,"y":0,"z":0},"scale":{"x":"512","y":"512","z":16}},{"class":"cube","position":{"x":-328,"y":344,"z":0},"rotation":{"x":0,"y":0,"z":0},"scale":{"x":"512","y":"512","z":16}},{"class":"cube","position":{"x":184,"y":344,"z":0},"rotation":{"x":0,"y":0,"z":0},"scale":{"x":"512","y":"512","z":16}},{"class":"cube","position":{"x":584,"y":-168,"z":0},"rotation":{"x":0,"y":0,"z":0},"scale":{"x":"512","y":"512","z":16}},{"class":"cube","position":{"x":696,"y":344,"z":0},"rotation":{"x":0,"y":0,"z":0},"scale":{"x":"512","y":"512","z":16}},{"class":"cube","position":{"x":72,"y":-328,"z":0},"rotation":{"x":0,"y":0,"z":0},"scale":{"x":"512","y":"512","z":16}},{"class":"cube","position":{"x":-128,"y":8,"z":0},"rotation":{"x":0,"y":0,"z":0},"scale":{"x":"112","y":"160","z":16}}]}