{"name":"Campaign Level 38","description":"Ping Pong","children":[{"class":"player","position":{"x":-24,"y":0,"z":0},"rotation":{"x":0,"y":0,"z":0},"scale":{"x":16,"y":16,"z":16},"isStatic":false,"friction":0},{"class":"cube","position":{"x":-32,"y":-24,"z":0},"rotation":{"x":0,"y":0,"z":0.7853981633974484},"scale":{"x":16,"y":16,"z":16}},{"class":"cube","position":{"x":-48,"y":-40,"z":0},"rotation":{"x":0,"y":0,"z":0},"scale":{"x":192,"y":32,"z":16}},{"class":"cube","position":{"x":144,"y":-40,"z":0},"rotation":{"x":0,"y":0,"z":0},"scale":{"x":64,"y":32,"z":16}},{"class":"spike","position":{"x":56,"y":-48,"z":0},"rotation":{"x":0,"y":0,"z":0},"scale":{"x":16,"y":16,"z":16}},{"class":"spike","position":{"x":72,"y":-48,"z":0},"rotation":{"x":0,"y":0,"z":0},"scale":{"x":16,"y":16,"z":16}},{"class":"spike","position":{"x":88,"y":-48,"z":0},"rotation":{"x":0,"y":0,"z":0},"scale":{"x":16,"y":16,"z":16}},{"class":"spike","position":{"x":184,"y":-48,"z":0},"rotation":{"x":0,"y":0,"z":0},"scale":{"x":16,"y":16,"z":16}},{"class":"spike","position":{"x":200,"y":-48,"z":0},"rotation":{"x":0,"y":0,"z":0},"scale":{"x":16,"y":16,"z":16}},{"class":"spike","position":{"x":216,"y":-48,"z":0},"rotation":{"x":0,"y":0,"z":0},"scale":{"x":16,"y":16,"z":16}},{"class":"spike","position":{"x":312,"y":-48,"z":0},"rotation":{"x":0,"y":0,"z":0},"scale":{"x":16,"y":16,"z":16}},{"class":"spike","position":{"x":328,"y":-48,"z":0},"rotation":{"x":0,"y":0,"z":0},"scale":{"x":16,"y":16,"z":16}},{"class":"spike","position":{"x":344,"y":-48,"z":0},"rotation":{"x":0,"y":0,"z":0},"scale":{"x":16,"y":16,"z":16}},{"class":"spike","position":{"x":440,"y":-48,"z":0},"rotation":{"x":0,"y":0,"z":0},"scale":{"x":16,"y":16,"z":16}},{"class":"spike","position":{"x":456,"y":-48,"z":0},"rotation":{"x":0,"y":0,"z":0},"scale":{"x":16,"y":16,"z":16}},{"class":"spike","position":{"x":472,"y":-48,"z":0},"rotation":{"x":0,"y":0,"z":0},"scale":{"x":16,"y":16,"z":16}},{"class":"bounce","position":{"x":607,"y":-20,"z":0},"rotation":{"x":0,"y":0,"z":1.5707963267948961},"scale":{"x":8,"y":5,"z":16}},{"class":"cube","position":{"x":-312,"y":-40,"z":0},"rotation":{"x":0,"y":0,"z":0},"scale":{"x":112,"y":32,"z":16}},{"class":"cube","position":{"x":-536,"y":-40,"z":0},"rotation":{"x":0,"y":0,"z":0},"scale":{"x":112,"y":32,"z":16}},{"class":"cube","position":{"x":-984,"y":-40,"z":0},"rotation":{"x":0,"y":0,"z":0},"scale":{"x":112,"y":32,"z":16}},{"class":"cube","position":{"x":-760,"y":-40,"z":0},"rotation":{"x":0,"y":0,"z":0},"scale":{"x":112,"y":32,"z":16}},{"class":"cube","position":{"x":-1264,"y":-40,"z":0},"rotation":{"x":0,"y":0,"z":0},"scale":{"x":224,"y":32,"z":16}},{"class":"bounce","position":{"x":-1368,"y":-16,"z":0},"rotation":{"x":0,"y":0,"z":-1.5707963267948963},"scale":{"x":16,"y":16,"z":16}},{"class":"cube","position":{"x":552,"y":-40,"z":0},"rotation":{"x":0,"y":0,"z":0},"scale":{"x":112,"y":32,"z":16}},{"class":"cube","position":{"x":-272,"y":-72,"z":0},"rotation":{"x":0,"y":0,"z":0},"scale":{"x":32,"y":32,"z":16}},{"class":"cube","position":{"x":-128,"y":-72,"z":0},"rotation":{"x":0,"y":0,"z":0},"scale":{"x":32,"y":32,"z":16}},{"class":"spike","position":{"x":-248,"y":-80,"z":0},"rotation":{"x":0,"y":0,"z":0},"scale":{"x":16,"y":16,"z":16}},{"class":"spike","position":{"x":-232,"y":-80,"z":0},"rotation":{"x":0,"y":0,"z":0},"scale":{"x":16,"y":16,"z":16}},{"class":"spike","position":{"x":-216,"y":-80,"z":0},"rotation":{"x":0,"y":0,"z":0},"scale":{"x":16,"y":16,"z":16}},{"class":"spike","position":{"x":-200,"y":-80,"z":0},"rotation":{"x":0,"y":0,"z":0},"scale":{"x":16,"y":16,"z":16}},{"class":"spike","position":{"x":-184,"y":-80,"z":0},"rotation":{"x":0,"y":0,"z":0},"scale":{"x":16,"y":16,"z":16}},{"class":"spike","position":{"x":-168,"y":-80,"z":0},"rotation":{"x":0,"y":0,"z":0},"scale":{"x":16,"y":16,"z":16}},{"class":"spike","position":{"x":-152,"y":-80,"z":0},"rotation":{"x":0,"y":0,"z":0},"scale":{"x":16,"y":16,"z":16}},{"class":"cube","position":{"x":-200,"y":-104,"z":0},"rotation":{"x":0,"y":0,"z":0},"scale":{"x":176,"y":32,"z":16}},{"class":"cube","position":{"x":272,"y":-72,"z":0},"rotation":{"x":0,"y":0,"z":0},"scale":{"x":512,"y":32,"z":16}},{"class":"cube","position":{"x":-496,"y":-72,"z":0},"rotation":{"x":0,"y":0,"z":0},"scale":{"x":32,"y":32,"z":16}},{"class":"cube","position":{"x":-352,"y":-72,"z":0},"rotation":{"x":0,"y":0,"z":0},"scale":{"x":32,"y":32,"z":16}},{"class":"cube","position":{"x":-576,"y":-72,"z":0},"rotation":{"x":0,"y":0,"z":0},"scale":{"x":32,"y":32,"z":16}},{"class":"cube","position":{"x":-720,"y":-72,"z":0},"rotation":{"x":0,"y":0,"z":0},"scale":{"x":32,"y":32,"z":16}},{"class":"cube","position":{"x":-800,"y":-72,"z":0},"rotation":{"x":0,"y":0,"z":0},"scale":{"x":32,"y":32,"z":16}},{"class":"cube","position":{"x":-944,"y":-72,"z":0},"rotation":{"x":0,"y":0,"z":0},"scale":{"x":32,"y":32,"z":16}},{"class":"cube","position":{"x":-1024,"y":-72,"z":0},"rotation":{"x":0,"y":0,"z":0},"scale":{"x":32,"y":32,"z":16}},{"class":"cube","position":{"x":-1168,"y":-72,"z":0},"rotation":{"x":0,"y":0,"z":0},"scale":{"x":32,"y":32,"z":16}},{"class":"cube","position":{"x":-424,"y":-104,"z":0},"rotation":{"x":0,"y":0,"z":0},"scale":{"x":176,"y":32,"z":16}},{"class":"cube","position":{"x":-648,"y":-104,"z":0},"rotation":{"x":0,"y":0,"z":0},"scale":{"x":176,"y":32,"z":16}},{"class":"cube","position":{"x":-872,"y":-104,"z":0},"rotation":{"x":0,"y":0,"z":0},"scale":{"x":176,"y":32,"z":16}},{"class":"spike","position":{"x":-376,"y":-80,"z":0},"rotation":{"x":0,"y":0,"z":0},"scale":{"x":16,"y":16,"z":16}},{"class":"spike","position":{"x":-600,"y":-80,"z":0},"rotation":{"x":0,"y":0,"z":0},"scale":{"x":16,"y":16,"z":16}},{"class":"spike","position":{"x":-824,"y":-80,"z":0},"rotation":{"x":0,"y":0,"z":0},"scale":{"x":16,"y":16,"z":16}},{"class":"cube","position":{"x":-1096,"y":-104,"z":0},"rotation":{"x":0,"y":0,"z":0},"scale":{"x":176,"y":32,"z":16}},{"class":"spike","position":{"x":-1048,"y":-80,"z":0},"rotation":{"x":0,"y":0,"z":0},"scale":{"x":16,"y":16,"z":16}},{"class":"spike","position":{"x":-1064,"y":-80,"z":0},"rotation":{"x":0,"y":0,"z":0},"scale":{"x":16,"y":16,"z":16}},{"class":"spike","position":{"x":-1080,"y":-80,"z":0},"rotation":{"x":0,"y":0,"z":0},"scale":{"x":16,"y":16,"z":16}},{"class":"spike","position":{"x":-1096,"y":-80,"z":0},"rotation":{"x":0,"y":0,"z":0},"scale":{"x":16,"y":16,"z":16}},{"class":"spike","position":{"x":-1112,"y":-80,"z":0},"rotation":{"x":0,"y":0,"z":0},"scale":{"x":16,"y":16,"z":16}},{"class":"spike","position":{"x":-1128,"y":-80,"z":0},"rotation":{"x":0,"y":0,"z":0},"scale":{"x":16,"y":16,"z":16}},{"class":"spike","position":{"x":-1144,"y":-80,"z":0},"rotation":{"x":0,"y":0,"z":0},"scale":{"x":16,"y":16,"z":16}},{"class":"spike","position":{"x":-920,"y":-80,"z":0},"rotation":{"x":0,"y":0,"z":0},"scale":{"x":16,"y":16,"z":16}},{"class":"spike","position":{"x":-904,"y":-80,"z":0},"rotation":{"x":0,"y":0,"z":0},"scale":{"x":16,"y":16,"z":16}},{"class":"spike","position":{"x":-888,"y":-80,"z":0},"rotation":{"x":0,"y":0,"z":0},"scale":{"x":16,"y":16,"z":16}},{"class":"spike","position":{"x":-872,"y":-80,"z":0},"rotation":{"x":0,"y":0,"z":0},"scale":{"x":16,"y":16,"z":16}},{"class":"spike","position":{"x":-856,"y":-80,"z":0},"rotation":{"x":0,"y":0,"z":0},"scale":{"x":16,"y":16,"z":16}},{"class":"spike","position":{"x":-840,"y":-80,"z":0},"rotation":{"x":0,"y":0,"z":0},"scale":{"x":16,"y":16,"z":16}},{"class":"spike","position":{"x":-696,"y":-80,"z":0},"rotation":{"x":0,"y":0,"z":0},"scale":{"x":16,"y":16,"z":16}},{"class":"spike","position":{"x":-680,"y":-80,"z":0},"rotation":{"x":0,"y":0,"z":0},"scale":{"x":16,"y":16,"z":16}},{"class":"spike","position":{"x":-664,"y":-80,"z":0},"rotation":{"x":0,"y":0,"z":0},"scale":{"x":16,"y":16,"z":16}},{"class":"spike","position":{"x":-648,"y":-80,"z":0},"rotation":{"x":0,"y":0,"z":0},"scale":{"x":16,"y":16,"z":16}},{"class":"spike","position":{"x":-632,"y":-80,"z":0},"rotation":{"x":0,"y":0,"z":0},"scale":{"x":16,"y":16,"z":16}},{"class":"spike","position":{"x":-616,"y":-80,"z":0},"rotation":{"x":0,"y":0,"z":0},"scale":{"x":16,"y":16,"z":16}},{"class":"spike","position":{"x":-472,"y":-80,"z":0},"rotation":{"x":0,"y":0,"z":0},"scale":{"x":16,"y":16,"z":16}},{"class":"spike","position":{"x":-456,"y":-80,"z":0},"rotation":{"x":0,"y":0,"z":0},"scale":{"x":16,"y":16,"z":16}},{"class":"spike","position":{"x":-440,"y":-80,"z":0},"rotation":{"x":0,"y":0,"z":0},"scale":{"x":16,"y":16,"z":16}},{"class":"spike","position":{"x":-424,"y":-80,"z":0},"rotation":{"x":0,"y":0,"z":0},"scale":{"x":16,"y":16,"z":16}},{"class":"spike","position":{"x":-408,"y":-80,"z":0},"rotation":{"x":0,"y":0,"z":0},"scale":{"x":16,"y":16,"z":16}},{"class":"spike","position":{"x":-392,"y":-80,"z":0},"rotation":{"x":0,"y":0,"z":0},"scale":{"x":16,"y":16,"z":16}},{"class":"cube","position":{"x":2872,"y":-40,"z":0},"rotation":{"x":0,"y":0,"z":0},"scale":{"x":336,"y":32,"z":16}},{"class":"cube","position":{"x":1000,"y":-40,"z":0},"rotation":{"x":0,"y":0,"z":0},"scale":{"x":112,"y":32,"z":16}},{"class":"spike","position":{"x":104,"y":-48,"z":0},"rotation":{"x":0,"y":0,"z":0},"scale":{"x":16,"y":16,"z":16}},{"class":"cube","position":{"x":272,"y":-40,"z":0},"rotation":{"x":0,"y":0,"z":0},"scale":{"x":64,"y":32,"z":16}},{"class":"spike","position":{"x":232,"y":-48,"z":0},"rotation":{"x":0,"y":0,"z":0},"scale":{"x":16,"y":16,"z":16}},{"class":"spike","position":{"x":360,"y":-48,"z":0},"rotation":{"x":0,"y":0,"z":0},"scale":{"x":16,"y":16,"z":16}},{"class":"cube","position":{"x":400,"y":-40,"z":0},"rotation":{"x":0,"y":0,"z":0},"scale":{"x":64,"y":32,"z":16}},{"class":"spike","position":{"x":488,"y":-48,"z":0},"rotation":{"x":0,"y":0,"z":0},"scale":{"x":16,"y":16,"z":16}},{"class":"direction","position":{"x":-1376,"y":-40,"z":9},"rotation":{"x":0,"y":0,"z":0.319163943686158},"scale":{"x":16,"y":16,"z":"1"}},{"class":"cube","position":{"x":1416,"y":-40,"z":0},"rotation":{"x":0,"y":0,"z":0},"scale":{"x":112,"y":32,"z":16}},{"class":"cube","position":{"x":1864,"y":-40,"z":0},"rotation":{"x":0,"y":0,"z":0},"scale":{"x":112,"y":32,"z":16}},{"class":"cube","position":{"x":2312,"y":-40,"z":0},"rotation":{"x":0,"y":0,"z":0},"scale":{"x":112,"y":32,"z":16}},{"class":"direction","position":{"x":-176,"y":-48,"z":9},"rotation":{"x":0,"y":0,"z":2.675358433878503},"scale":{"x":16,"y":16,"z":"1"}},{"class":"direction","position":{"x":592,"y":-40,"z":9},"rotation":{"x":0,"y":0,"z":3.0172077452361683},"scale":{"x":16,"y":16,"z":"1"}},{"class":"bounce","position":{"x":3024,"y":-8,"z":0},"rotation":{"x":0,"y":0,"z":1.5707963267948963},"scale":{"x":32,"y":32,"z":16}},{"class":"direction","position":{"x":880,"y":-32,"z":9},"rotation":{"x":0,"y":0,"z":-2.7423787863451192},"scale":{"x":16,"y":16,"z":"1"}},{"class":"cube","position":{"x":272,"y":-232,"z":0},"rotation":{"x":0,"y":0,"z":0},"scale":{"x":512,"y":32,"z":16}},{"class":"finish","position":{"x":-1312,"y":-152,"z":0},"rotation":{"x":0,"y":0,"z":0},"scale":{"x":128,"y":128,"z":16}},{"class":"direction","position":{"x":816,"y":-56,"z":9},"rotation":{"x":0,"y":0,"z":-2.7423787863451192},"scale":{"x":16,"y":16,"z":"1"}},{"class":"direction","position":{"x":752,"y":-80,"z":9},"rotation":{"x":0,"y":0,"z":-2.7423787863451192},"scale":{"x":16,"y":16,"z":"1"}},{"class":"direction","position":{"x":688,"y":-104,"z":9},"rotation":{"x":0,"y":0,"z":-2.7423787863451192},"scale":{"x":16,"y":16,"z":"1"}},{"class":"direction","position":{"x":624,"y":-128,"z":9},"rotation":{"x":0,"y":0,"z":-2.7423787863451192},"scale":{"x":16,"y":16,"z":"1"}},{"class":"direction","position":{"x":560,"y":-152,"z":9},"rotation":{"x":0,"y":0,"z":-2.7423787863451192},"scale":{"x":16,"y":16,"z":"1"}},{"class":"cube","position":{"x":-752,"y":-232,"z":0},"rotation":{"x":0,"y":0,"z":0},"scale":{"x":512,"y":32,"z":16}},{"class":"direction","position":{"x":-56,"y":-248,"z":9},"rotation":{"x":0,"y":0,"z":2.675358433878503},"scale":{"x":16,"y":16,"z":"1"}},{"class":"direction","position":{"x":-1064,"y":-248,"z":9},"rotation":{"x":0,"y":0,"z":2.675358433878503},"scale":{"x":16,"y":16,"z":"1"}}]}