{"name":"Campaign Level 39","description":"Boxel Nomad","children":[{"class":"player","position":{"x":0,"y":-48,"z":0},"rotation":{"x":0,"y":0,"z":0},"scale":{"x":16,"y":16,"z":16},"isStatic":false,"friction":0},{"class":"cube","position":{"x":0,"y":-88,"z":0},"rotation":{"x":0,"y":0,"z":0},"scale":{"x":64,"y":64,"z":48}},{"class":"control","position":{"x":0,"y":-48,"z":0},"rotation":{"x":0,"y":0,"z":0},"scale":{"x":16,"y":16,"z":16}},{"class":"cube","position":{"x":112,"y":-64,"z":0},"rotation":{"x":0,"y":0,"z":0.2617993877991494},"scale":{"x":192,"y":32,"z":24}},{"class":"cube","position":{"x":216,"y":-32,"z":0},"rotation":{"x":0,"y":0,"z":0.523598775598299},"scale":{"x":64,"y":64,"z":48}},{"class":"cube","position":{"x":304,"y":48,"z":0},"rotation":{"x":0,"y":0,"z":0.7853981633974484},"scale":{"x":192,"y":32,"z":24}},{"class":"cube","position":{"x":384,"y":136,"z":0},"rotation":{"x":0,"y":0,"z":1.047197551196598},"scale":{"x":64,"y":64,"z":48}},{"class":"cube","position":{"x":424,"y":248,"z":0},"rotation":{"x":0,"y":0,"z":1.3089969389957476},"scale":{"x":192,"y":32,"z":24}},{"class":"cube","position":{"x":288,"y":432,"z":0},"rotation":{"x":0,"y":0,"z":1.5707963267948972},"scale":{"x":64,"y":64,"z":48}},{"class":"cube","position":{"x":-384,"y":432,"z":0},"rotation":{"x":0,"y":0,"z":7.771561172376096e-16},"scale":{"x":384,"y":32,"z":24}},{"class":"cube","position":{"x":-160,"y":432,"z":0},"rotation":{"x":0,"y":0,"z":1.5707963267948972},"scale":{"x":64,"y":64,"z":48}},{"class":"bounce","position":{"x":-120,"y":456,"z":0},"rotation":{"x":0,"y":0,"z":-1.5707963267948963},"scale":{"x":16,"y":16,"z":16}},{"class":"bounce","position":{"x":248,"y":456,"z":0},"rotation":{"x":0,"y":0,"z":1.570796326794897},"scale":{"x":16,"y":16,"z":16}},{"class":"cube","position":{"x":-104,"y":488,"z":0},"rotation":{"x":0,"y":0,"z":0},"scale":{"x":48,"y":48,"z":8},"isStatic":false,"friction":0},{"class":"cube","position":{"x":-608,"y":432,"z":0},"rotation":{"x":0,"y":0,"z":1.5707963267948972},"scale":{"x":64,"y":64,"z":48}},{"class":"bounce","position":{"x":-568,"y":456,"z":0},"rotation":{"x":0,"y":0,"z":-1.5707963267948963},"scale":{"x":16,"y":16,"z":16}},{"class":"bounce","position":{"x":-200,"y":456,"z":0},"rotation":{"x":0,"y":0,"z":1.570796326794897},"scale":{"x":16,"y":16,"z":16}},{"class":"cube","position":{"x":-832,"y":424,"z":0},"rotation":{"x":0,"y":0,"z":7.771561172376096e-16},"scale":{"x":384,"y":16,"z":24}},{"class":"spike","position":{"x":-832,"y":440,"z":0},"rotation":{"x":0,"y":0,"z":7.771561172376096e-16},"scale":{"x":496,"y":16,"z":24}},{"class":"cube","position":{"x":64,"y":432,"z":0},"rotation":{"x":0,"y":0,"z":7.771561172376096e-16},"scale":{"x":384,"y":32,"z":24}},{"class":"spike","position":{"x":-552,"y":488,"z":0},"rotation":{"x":0,"y":0,"z":0},"scale":{"x":48,"y":48,"z":8},"isStatic":false,"friction":0},{"class":"direction","position":{"x":0,"y":-88,"z":32},"rotation":{"x":0,"y":0,"z":0},"scale":{"x":32,"y":32,"z":8}},{"class":"cube","position":{"x":-1056,"y":432,"z":0},"rotation":{"x":0,"y":0,"z":1.5707963267948972},"scale":{"x":64,"y":64,"z":48}},{"class":"bounce","position":{"x":-648,"y":456,"z":0},"rotation":{"x":0,"y":0,"z":1.570796326794897},"scale":{"x":16,"y":16,"z":16}},{"class":"bounce","position":{"x":-1016,"y":456,"z":0},"rotation":{"x":0,"y":0,"z":-1.5707963267948963},"scale":{"x":16,"y":16,"z":16}},{"class":"checkpoint","position":{"x":-1056,"y":912,"z":0},"rotation":{"x":0,"y":0,"z":0},"scale":{"x":16,"y":16,"z":16}},{"class":"tip","position":{"x":0,"y":32,"z":0},"rotation":{"x":0,"y":0,"z":0},"scale":{"x":16,"y":16,"z":16},"text":"Use your keyboard to move left and right."},{"class":"control","position":{"x":-1056,"y":912,"z":0},"rotation":{"x":0,"y":0,"z":0},"scale":{"x":16,"y":16,"z":16}},{"class":"cube","position":{"x":-1208,"y":528,"z":0},"rotation":{"x":0,"y":0,"z":-0.5235987755982987},"scale":{"x":72,"y":16,"z":48}},{"class":"spike","position":{"x":-1216,"y":520,"z":0},"rotation":{"x":0,"y":0,"z":2.617993877991495},"scale":{"x":56,"y":16,"z":32}},{"class":"cube","position":{"x":-1096,"y":616,"z":0},"rotation":{"x":0,"y":0,"z":0.523598775598299},"scale":{"x":72,"y":16,"z":48}},{"class":"spike","position":{"x":-1088,"y":608,"z":0},"rotation":{"x":0,"y":0,"z":-2.617993877991494},"scale":{"x":56,"y":16,"z":32}},{"class":"cube","position":{"x":-1240,"y":688,"z":0},"rotation":{"x":0,"y":0,"z":-0.5235987755982987},"scale":{"x":72,"y":16,"z":48}},{"class":"spike","position":{"x":-1248,"y":680,"z":0},"rotation":{"x":0,"y":0,"z":2.617993877991495},"scale":{"x":56,"y":16,"z":32}},{"class":"cube","position":{"x":-1056,"y":872,"z":0},"rotation":{"x":0,"y":0,"z":1.5707963267948972},"scale":{"x":64,"y":64,"z":48}},{"class":"cube","position":{"x":-832,"y":872,"z":0},"rotation":{"x":0,"y":0,"z":7.771561172376096e-16},"scale":{"x":384,"y":32,"z":24}},{"class":"cube","position":{"x":-1096,"y":760,"z":0},"rotation":{"x":0,"y":0,"z":0.523598775598299},"scale":{"x":72,"y":16,"z":48}},{"class":"spike","position":{"x":-1088,"y":744,"z":0},"rotation":{"x":0,"y":0,"z":-2.617993877991494},"scale":{"x":56,"y":16,"z":32}},{"class":"cube","position":{"x":-1216,"y":848,"z":0},"rotation":{"x":0,"y":0,"z":-0.5235987755982987},"scale":{"x":72,"y":16,"z":48}},{"class":"spike","position":{"x":-1224,"y":840,"z":0},"rotation":{"x":0,"y":0,"z":2.617993877991495},"scale":{"x":56,"y":16,"z":32}},{"class":"cube","position":{"x":-608,"y":872,"z":0},"rotation":{"x":0,"y":0,"z":1.5707963267948972},"scale":{"x":64,"y":64,"z":48}},{"class":"cube","position":{"x":-944,"y":488,"z":0},"rotation":{"x":0,"y":0,"z":0},"scale":{"x":160,"y":48,"z":8},"isStatic":false,"friction":0},{"class":"bounce","position":{"x":-824,"y":896,"z":0},"rotation":{"x":0,"y":0,"z":-5.551115123125783e-16},"scale":{"x":16,"y":16,"z":16}},{"class":"bounce","position":{"x":-936,"y":896,"z":0},"rotation":{"x":0,"y":0,"z":-5.551115123125783e-16},"scale":{"x":16,"y":16,"z":16}},{"class":"bounce","position":{"x":-720,"y":896,"z":0},"rotation":{"x":0,"y":0,"z":-5.551115123125783e-16},"scale":{"x":16,"y":16,"z":16}},{"class":"spike","position":{"x":-936,"y":1120,"z":0},"rotation":{"x":0,"y":0,"z":-3.141592653589793},"scale":{"x":16,"y":16,"z":16},"isStatic":false,"friction":0},{"class":"spike","position":{"x":-824,"y":1120,"z":0},"rotation":{"x":0,"y":0,"z":-3.141592653589793},"scale":{"x":16,"y":16,"z":16},"isStatic":false,"friction":0},{"class":"spike","position":{"x":-720,"y":1120,"z":0},"rotation":{"x":0,"y":0,"z":-3.141592653589793},"scale":{"x":16,"y":16,"z":16},"isStatic":false,"friction":0},{"class":"cube","position":{"x":-384,"y":872,"z":0},"rotation":{"x":0,"y":0,"z":7.771561172376096e-16},"scale":{"x":384,"y":32,"z":24}},{"class":"bounce","position":{"x":-376,"y":896,"z":0},"rotation":{"x":0,"y":0,"z":-5.551115123125783e-16},"scale":{"x":32,"y":16,"z":16}},{"class":"cube","position":{"x":-160,"y":872,"z":0},"rotation":{"x":0,"y":0,"z":1.5707963267948972},"scale":{"x":64,"y":64,"z":48}},{"class":"bounce","position":{"x":-480,"y":896,"z":0},"rotation":{"x":0,"y":0,"z":-5.551115123125783e-16},"scale":{"x":32,"y":16,"z":16}},{"class":"bounce","position":{"x":-272,"y":896,"z":0},"rotation":{"x":0,"y":0,"z":-5.551115123125783e-16},"scale":{"x":32,"y":16,"z":16}},{"class":"cube","position":{"x":64,"y":872,"z":0},"rotation":{"x":0,"y":0,"z":7.771561172376096e-16},"scale":{"x":384,"y":32,"z":24}},{"class":"cube","position":{"x":288,"y":872,"z":0},"rotation":{"x":0,"y":0,"z":1.5707963267948972},"scale":{"x":64,"y":64,"z":48}},{"class":"cube","position":{"x":288,"y":1096,"z":0},"rotation":{"x":0,"y":0,"z":-1.570796326794896},"scale":{"x":384,"y":32,"z":24}},{"class":"cube","position":{"x":64,"y":1320,"z":0},"rotation":{"x":0,"y":0,"z":7.771561172376096e-16},"scale":{"x":384,"y":32,"z":24}},{"class":"cube","position":{"x":288,"y":1320,"z":0},"rotation":{"x":0,"y":0,"z":1.5707963267948972},"scale":{"x":64,"y":64,"z":48}},{"class":"cube","position":{"x":-160,"y":1320,"z":0},"rotation":{"x":0,"y":0,"z":1.5707963267948972},"scale":{"x":64,"y":64,"z":48}},{"class":"cube","position":{"x":-160,"y":1096,"z":0},"rotation":{"x":0,"y":0,"z":1.5707963267948972},"scale":{"x":64,"y":64,"z":48}},{"class":"gravity","position":{"x":256,"y":904,"z":0},"rotation":{"x":0,"y":0,"z":1.5707963267948963},"scale":{"x":32,"y":32,"z":16}},{"class":"gravity","position":{"x":256,"y":1288,"z":0},"rotation":{"x":0,"y":0,"z":3.1415926535897927},"scale":{"x":32,"y":32,"z":16}},{"class":"gravity","position":{"x":-128,"y":1288,"z":0},"rotation":{"x":0,"y":0,"z":-1.5707963267948974},"scale":{"x":32,"y":32,"z":16}},{"class":"finish","position":{"x":-160,"y":1144,"z":0},"rotation":{"x":0,"y":0,"z":0},"scale":{"x":32,"y":32,"z":24}},{"class":"spike","position":{"x":-480,"y":1112,"z":0},"rotation":{"x":0,"y":0,"z":3.1415926535897927},"scale":{"x":32,"y":32,"z":16},"isStatic":false,"friction":0.1},{"class":"spike","position":{"x":-376,"y":1112,"z":0},"rotation":{"x":0,"y":0,"z":3.1415926535897927},"scale":{"x":32,"y":32,"z":16},"isStatic":false,"friction":0.1},{"class":"spike","position":{"x":-272,"y":1112,"z":0},"rotation":{"x":0,"y":0,"z":3.1415926535897927},"scale":{"x":32,"y":32,"z":16},"isStatic":false,"friction":0.1},{"class":"direction","position":{"x":456,"y":368,"z":32},"rotation":{"x":0,"y":0,"z":3.141592653589793},"scale":{"x":32,"y":32,"z":8}},{"class":"cube","position":{"x":456,"y":368,"z":0},"rotation":{"x":0,"y":0,"z":1.5707963267948972},"scale":{"x":64,"y":64,"z":48}},{"class":"cube","position":{"x":584,"y":368,"z":0},"rotation":{"x":0,"y":0,"z":-3.1415926535897922},"scale":{"x":192,"y":32,"z":24}},{"class":"cube","position":{"x":712,"y":368,"z":0},"rotation":{"x":0,"y":0,"z":1.5707963267948972},"scale":{"x":64,"y":64,"z":48}},{"class":"checkpoint","position":{"x":712,"y":408,"z":0},"rotation":{"x":0,"y":0,"z":0},"scale":{"x":16,"y":16,"z":16}},{"class":"control","position":{"x":712,"y":408,"z":0},"rotation":{"x":0,"y":0,"z":0},"scale":{"x":16,"y":16,"z":16}},{"class":"cube","position":{"x":-160,"y":1224,"z":0},"rotation":{"x":0,"y":0,"z":-1.570796326794896},"scale":{"x":128,"y":32,"z":24}},{"class":"spike","position":{"x":-200,"y":1120,"z":0},"rotation":{"x":0,"y":0,"z":1.5707963267948963},"scale":{"x":16,"y":16,"z":16}},{"class":"spike","position":{"x":-200,"y":1104,"z":0},"rotation":{"x":0,"y":0,"z":1.5707963267948963},"scale":{"x":16,"y":16,"z":16}},{"class":"spike","position":{"x":-200,"y":1088,"z":0},"rotation":{"x":0,"y":0,"z":1.5707963267948963},"scale":{"x":16,"y":16,"z":16}},{"class":"spike","position":{"x":-200,"y":1072,"z":0},"rotation":{"x":0,"y":0,"z":1.5707963267948963},"scale":{"x":16,"y":16,"z":16}},{"class":"spike","position":{"x":-184,"y":1056,"z":0},"rotation":{"x":0,"y":0,"z":3.141592653589793},"scale":{"x":16,"y":16,"z":16}},{"class":"spike","position":{"x":-168,"y":1056,"z":0},"rotation":{"x":0,"y":0,"z":3.141592653589793},"scale":{"x":16,"y":16,"z":16}},{"class":"spike","position":{"x":-152,"y":1056,"z":0},"rotation":{"x":0,"y":0,"z":3.141592653589793},"scale":{"x":16,"y":16,"z":16}},{"class":"spike","position":{"x":-136,"y":1056,"z":0},"rotation":{"x":0,"y":0,"z":3.141592653589793},"scale":{"x":16,"y":16,"z":16}},{"class":"spike","position":{"x":-120,"y":1072,"z":0},"rotation":{"x":0,"y":0,"z":-1.570796326794897},"scale":{"x":16,"y":16,"z":16}},{"class":"spike","position":{"x":-120,"y":1088,"z":0},"rotation":{"x":0,"y":0,"z":-1.570796326794897},"scale":{"x":16,"y":16,"z":16}},{"class":"spike","position":{"x":-120,"y":1104,"z":0},"rotation":{"x":0,"y":0,"z":-1.570796326794897},"scale":{"x":16,"y":16,"z":16}},{"class":"spike","position":{"x":-120,"y":1120,"z":0},"rotation":{"x":0,"y":0,"z":-1.570796326794897},"scale":{"x":16,"y":16,"z":16}},{"class":"checkpoint","position":{"x":-1056,"y":472,"z":0},"rotation":{"x":0,"y":0,"z":0},"scale":{"x":16,"y":16,"z":16}},{"class":"control","position":{"x":-1056,"y":472,"z":0},"rotation":{"x":0,"y":0,"z":0},"scale":{"x":16,"y":16,"z":16}}]}