{"name":"Campaign Level 37","description":"Doppler's Plinko","children":[{"class":"player","position":{"x":0,"y":-8,"z":0},"rotation":{"x":0,"y":0,"z":0.011176413350205916},"scale":{"x":16,"y":16,"z":16},"isStatic":false,"friction":0},{"class":"cube","position":{"x":0,"y":80,"z":0},"rotation":{"x":0,"y":0,"z":0},"scale":{"x":"192","y":16,"z":16}},{"class":"cube","position":{"x":0,"y":-64,"z":0},"rotation":{"x":0,"y":0,"z":0},"scale":{"x":"192","y":16,"z":16}},{"class":"cube","position":{"x":136,"y":-56,"z":0},"rotation":{"x":0,"y":0,"z":-2.617993877991494},"scale":{"x":128,"y":56,"z":16}},{"class":"cube","position":{"x":-88,"y":8,"z":0},"rotation":{"x":0,"y":0,"z":-1.570796326794897},"scale":{"x":"128","y":"16","z":16}},{"class":"cube","position":{"x":-16,"y":-40,"z":0},"rotation":{"x":0,"y":0,"z":-0.7853981633974488},"scale":{"x":72,"y":16,"z":16}},{"class":"cube","position":{"x":-56.568542494923804,"y":45.25483399593903,"z":0},"rotation":{"x":0,"y":0,"z":-2.356194490192345},"scale":{"x":96,"y":16,"z":16}},{"class":"spike","position":{"x":-72,"y":-48,"z":0},"rotation":{"x":0,"y":0,"z":0},"scale":{"x":16,"y":16,"z":8}},{"class":"spike","position":{"x":-56,"y":-48,"z":0},"rotation":{"x":0,"y":0,"z":0},"scale":{"x":16,"y":16,"z":8}},{"class":"spike","position":{"x":-40,"y":-48,"z":0},"rotation":{"x":0,"y":0,"z":0},"scale":{"x":16,"y":16,"z":8}},{"class":"cube","position":{"x":280,"y":-8,"z":0},"rotation":{"x":0,"y":0,"z":-2.617993877991494},"scale":{"x":56,"y":112,"z":16}},{"class":"cube","position":{"x":248,"y":-120,"z":0},"rotation":{"x":0,"y":0,"z":-2.617993877991494},"scale":{"x":224,"y":56,"z":16}},{"class":"spike","position":{"x":240,"y":40,"z":0},"rotation":{"x":0,"y":0,"z":0.5235987755982987},"scale":{"x":16,"y":16,"z":8}},{"class":"spike","position":{"x":256,"y":48,"z":0},"rotation":{"x":0,"y":0,"z":0.5235987755982987},"scale":{"x":16,"y":16,"z":8}},{"class":"cube","position":{"x":104,"y":-176,"z":0},"rotation":{"x":0,"y":0,"z":-3.1415926535897927},"scale":{"x":128,"y":48,"z":16}},{"class":"cube","position":{"x":-152,"y":-176,"z":0},"rotation":{"x":0,"y":0,"z":-3.1415926535897927},"scale":{"x":128,"y":48,"z":16}},{"class":"spike","position":{"x":-80,"y":-192,"z":0},"rotation":{"x":0,"y":0,"z":0},"scale":{"x":16,"y":16,"z":8}},{"class":"spike","position":{"x":-64,"y":-192,"z":0},"rotation":{"x":0,"y":0,"z":0},"scale":{"x":16,"y":16,"z":8}},{"class":"spike","position":{"x":-48,"y":-192,"z":0},"rotation":{"x":0,"y":0,"z":0},"scale":{"x":16,"y":16,"z":8}},{"class":"spike","position":{"x":-32,"y":-192,"z":0},"rotation":{"x":0,"y":0,"z":0},"scale":{"x":16,"y":16,"z":8}},{"class":"spike","position":{"x":-16,"y":-192,"z":0},"rotation":{"x":0,"y":0,"z":0},"scale":{"x":16,"y":16,"z":8}},{"class":"spike","position":{"x":0,"y":-192,"z":0},"rotation":{"x":0,"y":0,"z":0},"scale":{"x":16,"y":16,"z":8}},{"class":"spike","position":{"x":16,"y":-192,"z":0},"rotation":{"x":0,"y":0,"z":0},"scale":{"x":16,"y":16,"z":8}},{"class":"spike","position":{"x":32,"y":-192,"z":0},"rotation":{"x":0,"y":0,"z":0},"scale":{"x":16,"y":16,"z":8}},{"class":"cube","position":{"x":-24,"y":-224,"z":0},"rotation":{"x":0,"y":0,"z":-3.1415926535897927},"scale":{"x":216,"y":48,"z":16}},{"class":"cube","position":{"x":-240,"y":40,"z":0},"rotation":{"x":0,"y":0,"z":-1.5707963267948961},"scale":{"x":480,"y":48,"z":16}},{"class":"cube","position":{"x":-216,"y":-32,"z":0},"rotation":{"x":0,"y":0,"z":-0.7853981633974484},"scale":{"x":16,"y":16,"z":16}},{"class":"cube","position":{"x":-96,"y":-32,"z":0},"rotation":{"x":0,"y":0,"z":-0.7853981633974484},"scale":{"x":16,"y":16,"z":16}},{"class":"cube","position":{"x":-176,"y":-56,"z":0},"rotation":{"x":0,"y":0,"z":-0.7853981633974484},"scale":{"x":16,"y":16,"z":16}},{"class":"cube","position":{"x":-136,"y":-56,"z":0},"rotation":{"x":0,"y":0,"z":-0.7853981633974484},"scale":{"x":16,"y":16,"z":16}},{"class":"cube","position":{"x":-176,"y":-8,"z":0},"rotation":{"x":0,"y":0,"z":-0.7853981633974484},"scale":{"x":16,"y":16,"z":16}},{"class":"cube","position":{"x":-136,"y":-8,"z":0},"rotation":{"x":0,"y":0,"z":-0.7853981633974484},"scale":{"x":16,"y":16,"z":16}},{"class":"cube","position":{"x":-136,"y":40,"z":0},"rotation":{"x":0,"y":0,"z":-0.7853981633974484},"scale":{"x":16,"y":16,"z":16}},{"class":"cube","position":{"x":-176,"y":40,"z":0},"rotation":{"x":0,"y":0,"z":-0.7853981633974484},"scale":{"x":16,"y":16,"z":16}},{"class":"cube","position":{"x":-216,"y":64,"z":0},"rotation":{"x":0,"y":0,"z":-0.7853981633974484},"scale":{"x":16,"y":16,"z":16}},{"class":"cube","position":{"x":-176,"y":88,"z":0},"rotation":{"x":0,"y":0,"z":-0.7853981633974484},"scale":{"x":16,"y":16,"z":16}},{"class":"cube","position":{"x":-216,"y":16,"z":0},"rotation":{"x":0,"y":0,"z":-0.7853981633974484},"scale":{"x":16,"y":16,"z":16}},{"class":"cube","position":{"x":-96,"y":16,"z":0},"rotation":{"x":0,"y":0,"z":-0.7853981633974484},"scale":{"x":16,"y":16,"z":16}},{"class":"cube","position":{"x":-136,"y":88,"z":0},"rotation":{"x":0,"y":0,"z":-0.7853981633974484},"scale":{"x":16,"y":16,"z":16}},{"class":"cube","position":{"x":-96,"y":64,"z":0},"rotation":{"x":0,"y":0,"z":-0.7853981633974484},"scale":{"x":16,"y":16,"z":16}},{"class":"cube","position":{"x":-216,"y":112,"z":0},"rotation":{"x":0,"y":0,"z":-0.7853981633974484},"scale":{"x":16,"y":16,"z":16}},{"class":"bounce","position":{"x":88,"y":112,"z":0},"rotation":{"x":0,"y":0,"z":0},"scale":{"x":16,"y":48,"z":16}},{"class":"cube","position":{"x":104,"y":168,"z":0},"rotation":{"x":0,"y":0,"z":-1.570796326794897},"scale":{"x":192,"y":16,"z":16}},{"class":"cube","position":{"x":96,"y":296,"z":0},"rotation":{"x":0,"y":0,"z":0.2617993877991494},"scale":{"x":16,"y":80,"z":16}},{"class":"cube","position":{"x":72,"y":352,"z":0},"rotation":{"x":0,"y":0,"z":0.523598775598299},"scale":{"x":16,"y":80,"z":16}},{"class":"cube","position":{"x":32,"y":400,"z":0},"rotation":{"x":0,"y":0,"z":0.7853981633974484},"scale":{"x":16,"y":80,"z":16}},{"class":"cube","position":{"x":-16,"y":440,"z":0},"rotation":{"x":0,"y":0,"z":1.047197551196598},"scale":{"x":16,"y":80,"z":16}},{"class":"cube","position":{"x":-72,"y":464,"z":0},"rotation":{"x":0,"y":0,"z":1.3089969389957476},"scale":{"x":16,"y":80,"z":16}},{"class":"cube","position":{"x":-136,"y":472,"z":0},"rotation":{"x":0,"y":0,"z":1.5707963267948972},"scale":{"x":16,"y":80,"z":16}},{"class":"cube","position":{"x":-200,"y":464,"z":0},"rotation":{"x":0,"y":0,"z":1.8325957145940468},"scale":{"x":16,"y":80,"z":16}},{"class":"cube","position":{"x":-256,"y":440,"z":0},"rotation":{"x":0,"y":0,"z":2.0943951023931966},"scale":{"x":16,"y":80,"z":16}},{"class":"cube","position":{"x":-296,"y":408,"z":0},"rotation":{"x":0,"y":0,"z":2.356194490192346},"scale":{"x":16,"y":80,"z":16}},{"class":"cube","position":{"x":-336,"y":360,"z":0},"rotation":{"x":0,"y":0,"z":2.6179938779914957},"scale":{"x":16,"y":80,"z":16}},{"class":"cube","position":{"x":-360,"y":304,"z":0},"rotation":{"x":0,"y":0,"z":2.8797932657906453},"scale":{"x":16,"y":80,"z":16}},{"class":"cube","position":{"x":-384,"y":64,"z":0},"rotation":{"x":0,"y":0,"z":-1.5707963267948961},"scale":{"x":432,"y":48,"z":16}},{"class":"bounce","position":{"x":64,"y":96,"z":0},"rotation":{"x":0,"y":0,"z":1.5707963267948963},"scale":{"x":16,"y":32,"z":8}},{"class":"cube","position":{"x":-216,"y":-152,"z":0},"rotation":{"x":0,"y":0,"z":-0.7853981633974484},"scale":{"x":16,"y":16,"z":16}},{"class":"cube","position":{"x":-488,"y":-272,"z":0},"rotation":{"x":0,"y":0,"z":2.8797932657906444},"scale":{"x":736,"y":48,"z":16}},{"class":"direction","position":{"x":-56,"y":-336,"z":0},"rotation":{"x":0,"y":0,"z":3.141592653589793},"scale":{"x":16,"y":16,"z":16}},{"class":"direction","position":{"x":-808,"y":-152,"z":0},"rotation":{"x":0,"y":0,"z":-0.2617993877991498},"scale":{"x":24,"y":24,"z":16}},{"class":"spike","position":{"x":-592,"y":-208,"z":0},"rotation":{"x":0,"y":0,"z":-0.2617993877991498},"scale":{"x":24,"y":24,"z":8}},{"class":"finish","position":{"x":-392,"y":296,"z":0},"rotation":{"x":0,"y":0,"z":0},"scale":{"x":32,"y":32,"z":16}},{"class":"cube","position":{"x":-456,"y":-144,"z":0},"rotation":{"x":0,"y":0,"z":0},"scale":{"x":96,"y":16,"z":16}},{"class":"cube","position":{"x":-408,"y":-136,"z":0},"rotation":{"x":0,"y":0,"z":0.7853981633974484},"scale":{"x":16,"y":16,"z":16}},{"class":"spike","position":{"x":-104,"y":-352,"z":0},"rotation":{"x":0,"y":0,"z":0},"scale":{"x":16,"y":16,"z":16}},{"class":"spike","position":{"x":-88,"y":-352,"z":0},"rotation":{"x":0,"y":0,"z":0},"scale":{"x":16,"y":16,"z":16}},{"class":"cube","position":{"x":-56,"y":-352,"z":0},"rotation":{"x":0,"y":0,"z":0},"scale":{"x":16,"y":16,"z":16}},{"class":"cube","position":{"x":-96,"y":-368,"z":0},"rotation":{"x":0,"y":0,"z":0},"scale":{"x":96,"y":16,"z":16}},{"class":"cube","position":{"x":-32,"y":-312,"z":0},"rotation":{"x":0,"y":0,"z":1.5707963267948963},"scale":{"x":128,"y":32,"z":16}},{"class":"cube","position":{"x":-448,"y":-32,"z":0},"rotation":{"x":0,"y":0,"z":-0.7853981633974484},"scale":{"x":16,"y":16,"z":16}},{"class":"cube","position":{"x":-408,"y":-8,"z":0},"rotation":{"x":0,"y":0,"z":-0.7853981633974484},"scale":{"x":16,"y":16,"z":16}},{"class":"cube","position":{"x":-448,"y":64,"z":0},"rotation":{"x":0,"y":0,"z":-0.7853981633974484},"scale":{"x":16,"y":16,"z":16}},{"class":"cube","position":{"x":-408,"y":40,"z":0},"rotation":{"x":0,"y":0,"z":-0.7853981633974484},"scale":{"x":16,"y":16,"z":16}},{"class":"cube","position":{"x":-408,"y":88,"z":0},"rotation":{"x":0,"y":0,"z":-0.7853981633974484},"scale":{"x":16,"y":16,"z":16}},{"class":"cube","position":{"x":-448,"y":112,"z":0},"rotation":{"x":0,"y":0,"z":-0.7853981633974484},"scale":{"x":16,"y":16,"z":16}},{"class":"cube","position":{"x":-408,"y":136,"z":0},"rotation":{"x":0,"y":0,"z":-0.7853981633974484},"scale":{"x":16,"y":16,"z":16}},{"class":"cube","position":{"x":-448,"y":160,"z":0},"rotation":{"x":0,"y":0,"z":-0.7853981633974484},"scale":{"x":16,"y":16,"z":16}},{"class":"cube","position":{"x":-408,"y":184,"z":0},"rotation":{"x":0,"y":0,"z":-0.7853981633974484},"scale":{"x":16,"y":16,"z":16}},{"class":"cube","position":{"x":-448,"y":208,"z":0},"rotation":{"x":0,"y":0,"z":-0.7853981633974484},"scale":{"x":16,"y":16,"z":16}},{"class":"cube","position":{"x":-408,"y":232,"z":0},"rotation":{"x":0,"y":0,"z":-0.7853981633974484},"scale":{"x":16,"y":16,"z":16}},{"class":"cube","position":{"x":-448,"y":16,"z":0},"rotation":{"x":0,"y":0,"z":-0.7853981633974484},"scale":{"x":16,"y":16,"z":16}},{"class":"cube","position":{"x":-496,"y":136,"z":0},"rotation":{"x":0,"y":0,"z":-1.5707963267948961},"scale":{"x":352,"y":16,"z":16}},{"class":"cube","position":{"x":-488,"y":-8,"z":0},"rotation":{"x":0,"y":0,"z":-0.7853981633974484},"scale":{"x":16,"y":16,"z":16}},{"class":"cube","position":{"x":-488,"y":40,"z":0},"rotation":{"x":0,"y":0,"z":-0.7853981633974484},"scale":{"x":16,"y":16,"z":16}},{"class":"cube","position":{"x":-488,"y":88,"z":0},"rotation":{"x":0,"y":0,"z":-0.7853981633974484},"scale":{"x":16,"y":16,"z":16}},{"class":"cube","position":{"x":-488,"y":136,"z":0},"rotation":{"x":0,"y":0,"z":-0.7853981633974484},"scale":{"x":16,"y":16,"z":16}},{"class":"cube","position":{"x":-488,"y":184,"z":0},"rotation":{"x":0,"y":0,"z":-0.7853981633974484},"scale":{"x":16,"y":16,"z":16}},{"class":"cube","position":{"x":-488,"y":232,"z":0},"rotation":{"x":0,"y":0,"z":-0.7853981633974484},"scale":{"x":16,"y":16,"z":16}},{"class":"cube","position":{"x":-440,"y":320,"z":0},"rotation":{"x":0,"y":0,"z":0},"scale":{"x":128,"y":16,"z":16}},{"class":"cube","position":{"x":-136,"y":-208,"z":0},"rotation":{"x":0,"y":0,"z":-0.7853981633974484},"scale":{"x":56,"y":24,"z":16}}]}