{"name":"Junsie 3","author":"Junsie","description":"Junsie 3","children":[{"class":"player","position":{"x":72,"y":984,"z":0},"rotation":{"x":0,"y":0,"z":3.141592653589793},"scale":{"x":16,"y":16,"z":16},"isStatic":false,"friction":0},{"class":"cube","position":{"x":-16,"y":656,"z":0},"rotation":{"x":0,"y":0,"z":0},"scale":{"x":64,"y":"512","z":16}},{"class":"finish","position":{"x":48,"y":-984,"z":0},"rotation":{"x":0,"y":0,"z":0},"scale":{"x":"240","y":"128","z":16}},{"class":"cube","position":{"x":296,"y":720,"z":0},"rotation":{"x":0,"y":0,"z":0},"scale":{"x":"512","y":"296","z":16}},{"class":"spike","position":{"x":24,"y":848,"z":0},"rotation":{"x":0,"y":0,"z":0},"scale":{"x":"512","y":16,"z":16}},{"class":"cube","position":{"x":48,"y":904,"z":0},"rotation":{"x":0,"y":0,"z":0},"scale":{"x":16,"y":"80","z":16}},{"class":"cube","position":{"x":88,"y":904,"z":0},"rotation":{"x":0,"y":0,"z":-0.7853981633974483},"scale":{"x":"104","y":"16","z":16}},{"class":"cube","position":{"x":88,"y":1272,"z":0},"rotation":{"x":0,"y":0,"z":0},"scale":{"x":"80","y":"504","z":16}},{"class":"cube","position":{"x":80,"y":2288,"z":0},"rotation":{"x":0,"y":0,"z":0},"scale":{"x":"64","y":"512","z":16}},{"class":"cube","position":{"x":32,"y":2288,"z":0},"rotation":{"x":0,"y":0,"z":-0.00152457437791834},"scale":{"x":"24","y":"512","z":16},"isStatic":false,"friction":0.1},{"class":"tip","position":{"x":48,"y":976,"z":0},"rotation":{"x":0,"y":0,"z":0},"scale":{"x":16,"y":16,"z":16},"text":"SECRET!!!!!!!"},{"class":"cube","position":{"x":-16,"y":1256,"z":0},"rotation":{"x":0,"y":0,"z":0},"scale":{"x":"64","y":"512","z":16}},{"class":"cube","position":{"x":-16,"y":1736,"z":0},"rotation":{"x":0,"y":0,"z":0},"scale":{"x":"64","y":"512","z":16}},{"class":"cube","position":{"x":-16,"y":2224,"z":0},"rotation":{"x":0,"y":0,"z":0},"scale":{"x":"64","y":"512","z":16}},{"class":"cube","position":{"x":80,"y":1776,"z":0},"rotation":{"x":0,"y":0,"z":0},"scale":{"x":"64","y":"512","z":16}},{"class":"cube","position":{"x":56,"y":1016,"z":0},"rotation":{"x":0,"y":0,"z":0},"scale":{"x":16,"y":16,"z":16}},{"class":"spike","position":{"x":136,"y":872,"z":0},"rotation":{"x":0,"y":0,"z":0},"scale":{"x":16,"y":16,"z":16}},{"class":"spike","position":{"x":152,"y":872,"z":0},"rotation":{"x":0,"y":0,"z":0},"scale":{"x":16,"y":16,"z":16}},{"class":"spike","position":{"x":168,"y":872,"z":0},"rotation":{"x":0,"y":0,"z":0},"scale":{"x":16,"y":16,"z":16}},{"class":"cube","position":{"x":352,"y":872,"z":0},"rotation":{"x":0,"y":0,"z":0},"scale":{"x":"64","y":16,"z":16}},{"class":"spike","position":{"x":184,"y":872,"z":0},"rotation":{"x":0,"y":0,"z":0},"scale":{"x":16,"y":16,"z":16}},{"class":"spike","position":{"x":200,"y":872,"z":0},"rotation":{"x":0,"y":0,"z":0},"scale":{"x":16,"y":16,"z":16}},{"class":"spike","position":{"x":216,"y":872,"z":0},"rotation":{"x":0,"y":0,"z":0},"scale":{"x":16,"y":16,"z":16}},{"class":"spike","position":{"x":232,"y":872,"z":0},"rotation":{"x":0,"y":0,"z":0},"scale":{"x":16,"y":16,"z":16}},{"class":"spike","position":{"x":248,"y":872,"z":0},"rotation":{"x":0,"y":0,"z":0},"scale":{"x":16,"y":16,"z":16}},{"class":"spike","position":{"x":264,"y":872,"z":0},"rotation":{"x":0,"y":0,"z":0},"scale":{"x":16,"y":16,"z":16}},{"class":"spike","position":{"x":280,"y":872,"z":0},"rotation":{"x":0,"y":0,"z":0},"scale":{"x":16,"y":16,"z":16}},{"class":"spike","position":{"x":296,"y":872,"z":0},"rotation":{"x":0,"y":0,"z":0},"scale":{"x":16,"y":16,"z":16}},{"class":"spike","position":{"x":216,"y":872,"z":0},"rotation":{"x":0,"y":0,"z":0},"scale":{"x":16,"y":16,"z":16}},{"class":"spike","position":{"x":312,"y":872,"z":0},"rotation":{"x":0,"y":0,"z":0},"scale":{"x":16,"y":16,"z":16}},{"class":"spike","position":{"x":392,"y":872,"z":0},"rotation":{"x":0,"y":0,"z":0},"scale":{"x":16,"y":16,"z":16}},{"class":"spike","position":{"x":408,"y":872,"z":0},"rotation":{"x":0,"y":0,"z":0},"scale":{"x":16,"y":16,"z":16}},{"class":"spike","position":{"x":424,"y":872,"z":0},"rotation":{"x":0,"y":0,"z":0},"scale":{"x":16,"y":16,"z":16}},{"class":"spike","position":{"x":440,"y":872,"z":0},"rotation":{"x":0,"y":0,"z":0},"scale":{"x":16,"y":16,"z":16}},{"class":"spike","position":{"x":456,"y":872,"z":0},"rotation":{"x":0,"y":0,"z":0},"scale":{"x":16,"y":16,"z":16}},{"class":"spike","position":{"x":472,"y":872,"z":0},"rotation":{"x":0,"y":0,"z":0},"scale":{"x":16,"y":16,"z":16}},{"class":"spike","position":{"x":488,"y":872,"z":0},"rotation":{"x":0,"y":0,"z":0},"scale":{"x":16,"y":16,"z":16}},{"class":"spike","position":{"x":504,"y":872,"z":0},"rotation":{"x":0,"y":0,"z":0},"scale":{"x":16,"y":16,"z":16}},{"class":"spike","position":{"x":520,"y":872,"z":0},"rotation":{"x":0,"y":0,"z":0},"scale":{"x":16,"y":16,"z":16}},{"class":"spike","position":{"x":536,"y":872,"z":0},"rotation":{"x":0,"y":0,"z":0},"scale":{"x":16,"y":16,"z":16}},{"class":"bounce","position":{"x":560,"y":824,"z":0},"rotation":{"x":0,"y":0,"z":0},"scale":{"x":"32","y":"112","z":16}},{"class":"cube","position":{"x":576,"y":632,"z":0},"rotation":{"x":0,"y":0,"z":0},"scale":{"x":"96","y":"280","z":16}},{"class":"cube","position":{"x":616,"y":2192,"z":0},"rotation":{"x":0,"y":0,"z":0},"scale":{"x":"80","y":"240","z":16}},{"class":"cube","position":{"x":616,"y":848,"z":0},"rotation":{"x":0,"y":0,"z":0},"scale":{"x":"80","y":"512","z":16}},{"class":"cube","position":{"x":616,"y":1360,"z":0},"rotation":{"x":0,"y":0,"z":0},"scale":{"x":"80","y":"512","z":16}},{"class":"cube","position":{"x":616,"y":1864,"z":0},"rotation":{"x":0,"y":0,"z":0},"scale":{"x":"80","y":"512","z":16}},{"class":"cube","position":{"x":368,"y":2448,"z":0},"rotation":{"x":0,"y":0,"z":0},"scale":{"x":"512","y":"160","z":16}},{"class":"cube","position":{"x":536,"y":2376,"z":0},"rotation":{"x":0,"y":0,"z":-0.5235987755982988},"scale":{"x":"408","y":"104","z":16}},{"class":"cube","position":{"x":176,"y":2168,"z":0},"rotation":{"x":0,"y":0,"z":0},"scale":{"x":"32","y":"256","z":16}},{"class":"cube","position":{"x":176,"y":1832,"z":0},"rotation":{"x":0,"y":0,"z":0},"scale":{"x":"32","y":"512","z":16}},{"class":"cube","position":{"x":232,"y":2336,"z":0},"rotation":{"x":0,"y":0,"z":0},"scale":{"x":16,"y":"80","z":16}},{"class":"cube","position":{"x":368,"y":2240,"z":0},"rotation":{"x":0,"y":0,"z":0},"scale":{"x":"288","y":16,"z":16}},{"class":"cube","position":{"x":320,"y":2264,"z":0},"rotation":{"x":0,"y":0,"z":0},"scale":{"x":16,"y":"40","z":16}},{"class":"cube","position":{"x":280,"y":2248,"z":0},"rotation":{"x":0,"y":0,"z":-1.3089969389957472},"scale":{"x":"8","y":"88","z":16}},{"class":"spike","position":{"x":256,"y":2336,"z":0},"rotation":{"x":0,"y":0,"z":-1.5707963267948966},"scale":{"x":"72","y":"40","z":16}},{"class":"checkpoint","position":{"x":296,"y":2336,"z":0},"rotation":{"x":0,"y":0,"z":0},"scale":{"x":"56","y":"64","z":16}},{"class":"cube","position":{"x":504,"y":1976,"z":0},"rotation":{"x":0,"y":0,"z":0},"scale":{"x":16,"y":"512","z":16}},{"class":"cube","position":{"x":504,"y":1464,"z":0},"rotation":{"x":0,"y":0,"z":0},"scale":{"x":16,"y":"512","z":16}},{"class":"cube","position":{"x":504,"y":1128,"z":0},"rotation":{"x":0,"y":0,"z":0},"scale":{"x":16,"y":"216","z":16}},{"class":"spike","position":{"x":176,"y":1528,"z":0},"rotation":{"x":0,"y":0,"z":1.5707963267948966},"scale":{"x":16,"y":16,"z":16}},{"class":"cube","position":{"x":104,"y":1520,"z":0},"rotation":{"x":0,"y":0,"z":1.0471975511965976},"scale":{"x":"32","y":"64","z":16}},{"class":"cube","position":{"x":176,"y":2360,"z":0},"rotation":{"x":0,"y":0,"z":0},"scale":{"x":"32","y":"32","z":16}},{"class":"cube","position":{"x":176,"y":1480,"z":0},"rotation":{"x":0,"y":0,"z":0},"scale":{"x":16,"y":"88","z":16}},{"class":"cube","position":{"x":152,"y":1232,"z":0},"rotation":{"x":0,"y":0,"z":0},"scale":{"x":"80","y":"424","z":16}},{"class":"grapple","position":{"x":232,"y":2240,"z":0},"rotation":{"x":0,"y":0,"z":0},"scale":{"x":16,"y":16,"z":16}},{"class":"reset","position":{"x":136,"y":2336,"z":0},"rotation":{"x":0,"y":0,"z":0},"scale":{"x":16,"y":16,"z":16}},{"class":"reset","position":{"x":136,"y":2320,"z":0},"rotation":{"x":0,"y":0,"z":0},"scale":{"x":16,"y":16,"z":16}},{"class":"reset","position":{"x":136,"y":2304,"z":0},"rotation":{"x":0,"y":0,"z":0},"scale":{"x":16,"y":16,"z":16}},{"class":"reset","position":{"x":136,"y":2264,"z":0},"rotation":{"x":0,"y":0,"z":0},"scale":{"x":"48","y":"160","z":16}},{"class":"reset","position":{"x":208,"y":2232,"z":0},"rotation":{"x":0,"y":0,"z":0},"scale":{"x":"32","y":16,"z":16}},{"class":"cube","position":{"x":160,"y":2104,"z":0},"rotation":{"x":0,"y":0,"z":-0.2617993877991494},"scale":{"x":16,"y":"136","z":16}},{"class":"cube","position":{"x":152,"y":1832,"z":0},"rotation":{"x":0,"y":0,"z":0},"scale":{"x":"32","y":"432","z":16}},{"class":"cube","position":{"x":152,"y":1600,"z":0},"rotation":{"x":0,"y":0,"z":0.2617993877991494},"scale":{"x":"8","y":"40","z":16}},{"class":"cube","position":{"x":144,"y":1984,"z":0},"rotation":{"x":0,"y":0,"z":-0.2617993877991494},"scale":{"x":16,"y":"64","z":16}},{"class":"cube","position":{"x":136,"y":1792,"z":0},"rotation":{"x":0,"y":0,"z":0},"scale":{"x":"8","y":"328","z":16}},{"class":"cube","position":{"x":328,"y":2160,"z":0},"rotation":{"x":0,"y":0,"z":0},"scale":{"x":"288","y":16,"z":16}},{"class":"cube","position":{"x":232,"y":2224,"z":0},"rotation":{"x":0,"y":0,"z":0},"scale":{"x":"16","y":"32","z":16}},{"class":"checkpoint","position":{"x":200,"y":2232,"z":0},"rotation":{"x":0,"y":0,"z":0},"scale":{"x":16,"y":16,"z":16}},{"class":"cube","position":{"x":200,"y":2176,"z":0},"rotation":{"x":0,"y":0,"z":1.0471975511965976},"scale":{"x":"8","y":"56","z":16}},{"class":"cube","position":{"x":240,"y":2208,"z":0},"rotation":{"x":0,"y":0,"z":0.7853981633974483},"scale":{"x":"8","y":16,"z":16}},{"class":"cube","position":{"x":240,"y":2224,"z":0},"rotation":{"x":0,"y":0,"z":0},"scale":{"x":"16","y":"32","z":16}},{"class":"spike","position":{"x":296,"y":2232,"z":0},"rotation":{"x":0,"y":0,"z":-3.141592653589793},"scale":{"x":"40","y":"8","z":16}},{"class":"spike","position":{"x":264,"y":2232,"z":0},"rotation":{"x":0,"y":0,"z":-3.141592653589793},"scale":{"x":"40","y":"8","z":16}},{"class":"cube","position":{"x":360,"y":2176,"z":0},"rotation":{"x":0,"y":0,"z":0},"scale":{"x":16,"y":"32","z":16}},{"class":"spike","position":{"x":360,"y":2192,"z":0},"rotation":{"x":0,"y":0,"z":0},"scale":{"x":16,"y":16,"z":16}},{"class":"spike","position":{"x":432,"y":2200,"z":0},"rotation":{"x":0,"y":0,"z":-3.141592653589793},"scale":{"x":16,"y":16,"z":16}},{"class":"cube","position":{"x":432,"y":2224,"z":0},"rotation":{"x":0,"y":0,"z":0},"scale":{"x":16,"y":"40","z":16}},{"class":"tip","position":{"x":136,"y":2360,"z":0},"rotation":{"x":0,"y":0,"z":0},"scale":{"x":"80","y":"16","z":16},"text":"Sometimes i get flung back when starting a level. it happened once when i, went into spider cube, grappled myself and pulled myself into a block, exited and entered a different level and i got flung back! Its pretty funny XD well have a good day!"},{"class":"reset","position":{"x":232,"y":2184,"z":0},"rotation":{"x":0,"y":0,"z":0},"scale":{"x":16,"y":"48","z":16}},{"class":"cube","position":{"x":360,"y":2016,"z":0},"rotation":{"x":0,"y":0,"z":0},"scale":{"x":"272","y":16,"z":16}},{"class":"cube","position":{"x":472,"y":2088,"z":0},"rotation":{"x":0,"y":0,"z":0},"scale":{"x":"48","y":16,"z":16}},{"class":"cube","position":{"x":480,"y":2096,"z":0},"rotation":{"x":0,"y":0,"z":-1.0471975511965976},"scale":{"x":"8","y":"56","z":16}},{"class":"cube","position":{"x":288,"y":2080,"z":0},"rotation":{"x":0,"y":0,"z":0},"scale":{"x":"128","y":"32","z":16}},{"class":"cube","position":{"x":400,"y":2144,"z":0},"rotation":{"x":0,"y":0,"z":0},"scale":{"x":16,"y":"48","z":16}},{"class":"spike","position":{"x":400,"y":2112,"z":0},"rotation":{"x":0,"y":0,"z":-3.141592653589793},"scale":{"x":16,"y":16,"z":16}},{"class":"cube","position":{"x":232,"y":2048,"z":0},"rotation":{"x":0,"y":0,"z":0},"scale":{"x":16,"y":"80","z":16}},{"class":"cube","position":{"x":288,"y":2056,"z":0},"rotation":{"x":0,"y":0,"z":0},"scale":{"x":16,"y":"80","z":16}},{"class":"finish","position":{"x":264,"y":2048,"z":0},"rotation":{"x":0,"y":0,"z":0},"scale":{"x":"48","y":"48","z":16}},{"class":"spike","position":{"x":464,"y":2024,"z":0},"rotation":{"x":0,"y":0,"z":0},"scale":{"x":"64","y":"8","z":16}},{"class":"spike","position":{"x":328,"y":2024,"z":0},"rotation":{"x":0,"y":0,"z":0},"scale":{"x":"64","y":"8","z":16}},{"class":"spike","position":{"x":384,"y":2024,"z":0},"rotation":{"x":0,"y":0,"z":0},"scale":{"x":"64","y":"8","z":16}},{"class":"spike","position":{"x":440,"y":2024,"z":0},"rotation":{"x":0,"y":0,"z":0},"scale":{"x":"64","y":"8","z":16}},{"class":"cube","position":{"x":312,"y":1864,"z":0},"rotation":{"x":0,"y":0,"z":0},"scale":{"x":"320","y":16,"z":16}},{"class":"cube","position":{"x":208,"y":1904,"z":0},"rotation":{"x":0,"y":0,"z":0},"scale":{"x":"40","y":"72","z":16}},{"class":"spike","position":{"x":424,"y":1880,"z":0},"rotation":{"x":0,"y":0,"z":0},"scale":{"x":"56","y":16,"z":16}},{"class":"spike","position":{"x":272,"y":1880,"z":0},"rotation":{"x":0,"y":0,"z":0},"scale":{"x":"80","y":16,"z":16}},{"class":"spike","position":{"x":352,"y":1880,"z":0},"rotation":{"x":0,"y":0,"z":0},"scale":{"x":"80","y":16,"z":16}},{"class":"cube","position":{"x":240,"y":1920,"z":0},"rotation":{"x":0,"y":0,"z":0},"scale":{"x":16,"y":16,"z":16}},{"class":"cube","position":{"x":272,"y":1920,"z":0},"rotation":{"x":0,"y":0,"z":0},"scale":{"x":16,"y":16,"z":16}},{"class":"cube","position":{"x":304,"y":1920,"z":0},"rotation":{"x":0,"y":0,"z":0},"scale":{"x":16,"y":16,"z":16}},{"class":"cube","position":{"x":344,"y":1920,"z":0},"rotation":{"x":0,"y":0,"z":0},"scale":{"x":16,"y":16,"z":16}},{"class":"cube","position":{"x":376,"y":1920,"z":0},"rotation":{"x":0,"y":0,"z":0},"scale":{"x":16,"y":16,"z":16}},{"class":"cube","position":{"x":416,"y":1920,"z":0},"rotation":{"x":0,"y":0,"z":0},"scale":{"x":16,"y":16,"z":16}},{"class":"cube","position":{"x":456,"y":1920,"z":0},"rotation":{"x":0,"y":0,"z":0},"scale":{"x":"32","y":16,"z":16}},{"class":"cube","position":{"x":464,"y":1888,"z":0},"rotation":{"x":0,"y":0,"z":0},"scale":{"x":16,"y":"64","z":16}},{"class":"cube","position":{"x":200,"y":1944,"z":0},"rotation":{"x":0,"y":0,"z":1.0471975511965976},"scale":{"x":"8","y":"48","z":16}},{"class":"spike","position":{"x":384,"y":2000,"z":0},"rotation":{"x":0,"y":0,"z":-3.141592653589793},"scale":{"x":16,"y":16,"z":16}},{"class":"cube","position":{"x":464,"y":1960,"z":0},"rotation":{"x":0,"y":0,"z":0},"scale":{"x":16,"y":"8","z":16}},{"class":"cube","position":{"x":464,"y":2008,"z":0},"rotation":{"x":0,"y":0,"z":0},"scale":{"x":16,"y":16,"z":16}},{"class":"checkpoint","position":{"x":488,"y":1872,"z":0},"rotation":{"x":0,"y":0,"z":0},"scale":{"x":16,"y":16,"z":16}},{"class":"cube","position":{"x":376,"y":1736,"z":0},"rotation":{"x":0,"y":0,"z":0},"scale":{"x":"256","y":16,"z":16}},{"class":"cube","position":{"x":264,"y":1800,"z":0},"rotation":{"x":0,"y":0,"z":0.5235987755982988},"scale":{"x":"8","y":"24","z":16}},{"class":"gravity","position":{"x":408,"y":1752,"z":0},"rotation":{"x":0,"y":0,"z":3.141592653589793},"scale":{"x":"72","y":16,"z":16}},{"class":"gravity","position":{"x":312,"y":1848,"z":0},"rotation":{"x":0,"y":0,"z":0},"scale":{"x":"72","y":16,"z":16}},{"class":"spike","position":{"x":424,"y":1824,"z":0},"rotation":{"x":0,"y":0,"z":-1.5707963267948966},"scale":{"x":"72","y":16,"z":16}},{"class":"spike","position":{"x":312,"y":1776,"z":0},"rotation":{"x":0,"y":0,"z":-1.5707963267948966},"scale":{"x":"72","y":16,"z":16}},{"class":"cube","position":{"x":256,"y":1816,"z":0},"rotation":{"x":0,"y":0,"z":-1.5707963267948966},"scale":{"x":"72","y":16,"z":16}},{"class":"cube","position":{"x":480,"y":1784,"z":0},"rotation":{"x":0,"y":0,"z":-0.5235987755982988},"scale":{"x":"8","y":"96","z":16}},{"class":"cube","position":{"x":288,"y":1752,"z":0},"rotation":{"x":0,"y":0,"z":-1.0471975511965976},"scale":{"x":"8","y":"40","z":16}},{"class":"cube","position":{"x":240,"y":1848,"z":0},"rotation":{"x":0,"y":0,"z":1.0471975511965976},"scale":{"x":"8","y":"48","z":16}},{"class":"bounce","position":{"x":232,"y":1720,"z":0},"rotation":{"x":0,"y":0,"z":0},"scale":{"x":"24","y":"24","z":16}},{"class":"spike","position":{"x":392,"y":1824,"z":0},"rotation":{"x":0,"y":0,"z":1.5707963267948966},"scale":{"x":"72","y":16,"z":16}},{"class":"cube","position":{"x":408,"y":1824,"z":0},"rotation":{"x":0,"y":0,"z":0},"scale":{"x":"16","y":"72","z":16}},{"class":"spike","position":{"x":408,"y":1792,"z":0},"rotation":{"x":0,"y":0,"z":-3.141592653589793},"scale":{"x":16,"y":16,"z":16}},{"class":"cube","position":{"x":224,"y":1712,"z":0},"rotation":{"x":0,"y":0,"z":0},"scale":{"x":"8","y":"216","z":16}},{"class":"cube","position":{"x":200,"y":1488,"z":0},"rotation":{"x":0,"y":0,"z":-2.356194490192345},"scale":{"x":"8","y":"64","z":16}},{"class":"cube","position":{"x":216,"y":1536,"z":0},"rotation":{"x":0,"y":0,"z":0},"scale":{"x":"8","y":"32","z":16}},{"class":"cube","position":{"x":232,"y":1424,"z":0},"rotation":{"x":0,"y":0,"z":-2.0943951023931953},"scale":{"x":"8","y":"88","z":16}},{"class":"cube","position":{"x":376,"y":1608,"z":0},"rotation":{"x":0,"y":0,"z":1.5707963267948966},"scale":{"x":"8","y":"176","z":16}},{"class":"cube","position":{"x":264,"y":1480,"z":0},"rotation":{"x":0,"y":0,"z":-0.7853981633974483},"scale":{"x":"8","y":"32","z":16}},{"class":"cube","position":{"x":448,"y":1496,"z":0},"rotation":{"x":0,"y":0,"z":-2.356194490192345},"scale":{"x":"8","y":"48","z":16}},{"class":"tip","position":{"x":456,"y":1832,"z":0},"rotation":{"x":0,"y":0,"z":0},"scale":{"x":16,"y":16,"z":16},"text":"jump when u enter the gravity block"},{"class":"cube","position":{"x":464,"y":1544,"z":0},"rotation":{"x":0,"y":0,"z":0},"scale":{"x":"8","y":"280","z":16}},{"class":"cube","position":{"x":224,"y":1456,"z":0},"rotation":{"x":0,"y":0,"z":0},"scale":{"x":"8","y":"32","z":16}},{"class":"cube","position":{"x":256,"y":1456,"z":0},"rotation":{"x":0,"y":0,"z":0},"scale":{"x":"8","y":"24","z":16}},{"class":"cube","position":{"x":264,"y":1664,"z":0},"rotation":{"x":0,"y":0,"z":0},"scale":{"x":"8","y":"64","z":16}},{"class":"cube","position":{"x":432,"y":1512,"z":0},"rotation":{"x":0,"y":0,"z":1.5707963267948966},"scale":{"x":"8","y":"64","z":16}},{"class":"cube","position":{"x":400,"y":1560,"z":0},"rotation":{"x":0,"y":0,"z":0},"scale":{"x":"8","y":"104","z":16}},{"class":"cube","position":{"x":312,"y":1408,"z":0},"rotation":{"x":0,"y":0,"z":1.5707963267948966},"scale":{"x":"16","y":"248","z":16}},{"class":"cube","position":{"x":240,"y":1600,"z":0},"rotation":{"x":0,"y":0,"z":1.5707963267948966},"scale":{"x":"8","y":"16","z":16}},{"class":"cube","position":{"x":200,"y":1568,"z":0},"rotation":{"x":0,"y":0,"z":-2.356194490192345},"scale":{"x":"8","y":"48","z":16}},{"class":"cube","position":{"x":280,"y":1512,"z":0},"rotation":{"x":0,"y":0,"z":0},"scale":{"x":"8","y":"120","z":16}},{"class":"cube","position":{"x":344,"y":1456,"z":0},"rotation":{"x":0,"y":0,"z":1.5707963267948966},"scale":{"x":"8","y":"176","z":16}},{"class":"cube","position":{"x":208,"y":1448,"z":0},"rotation":{"x":0,"y":0,"z":1.5707963267948966},"scale":{"x":"8","y":"32","z":16}},{"class":"bounce","position":{"x":240,"y":1592,"z":0},"rotation":{"x":0,"y":0,"z":0},"scale":{"x":"24","y":"32","z":16}},{"class":"bounce","position":{"x":448,"y":1400,"z":0},"rotation":{"x":0,"y":0,"z":0},"scale":{"x":"32","y":"24","z":16}},{"class":"cube","position":{"x":264,"y":1584,"z":0},"rotation":{"x":0,"y":0,"z":-2.356194490192345},"scale":{"x":"8","y":"48","z":16}},{"class":"cube","position":{"x":280,"y":1624,"z":0},"rotation":{"x":0,"y":0,"z":-2.356194490192345},"scale":{"x":"8","y":"48","z":16}},{"class":"cube","position":{"x":240,"y":1712,"z":0},"rotation":{"x":0,"y":0,"z":-0.7853981633974483},"scale":{"x":16,"y":"40","z":16}},{"class":"cube","position":{"x":424,"y":1464,"z":0},"rotation":{"x":0,"y":0,"z":0},"scale":{"x":16,"y":16,"z":16}},{"class":"bounce","position":{"x":344,"y":1464,"z":0},"rotation":{"x":0,"y":0,"z":0},"scale":{"x":"144","y":16,"z":16}},{"class":"bounce","position":{"x":288,"y":1512,"z":0},"rotation":{"x":0,"y":0,"z":-1.5707963267948966},"scale":{"x":"112","y":16,"z":16}},{"class":"bounce","position":{"x":392,"y":1560,"z":0},"rotation":{"x":0,"y":0,"z":1.5707963267948966},"scale":{"x":"104","y":16,"z":16}},{"class":"bounce","position":{"x":352,"y":1600,"z":0},"rotation":{"x":0,"y":0,"z":-3.141592653589793},"scale":{"x":"104","y":16,"z":16}},{"class":"bounce","position":{"x":327.9999999999984,"y":1505.5516771010311,"z":0},"rotation":{"x":0,"y":0,"z":0},"scale":{"x":16,"y":16,"z":16},"isStatic":false,"friction":0},{"class":"bounce","position":{"x":360,"y":1487.4630043056313,"z":0},"rotation":{"x":0,"y":0,"z":0},"scale":{"x":16,"y":16,"z":16},"isStatic":false,"friction":0},{"class":"bounce","position":{"x":272,"y":1688,"z":0},"rotation":{"x":0,"y":0,"z":0},"scale":{"x":"16","y":16,"z":16}},{"class":"bounce","position":{"x":360,"y":1648,"z":0},"rotation":{"x":0,"y":0,"z":0},"scale":{"x":"48","y":16,"z":16}},{"class":"spike","position":{"x":272,"y":1648,"z":0},"rotation":{"x":0,"y":0,"z":0},"scale":{"x":16,"y":16,"z":16}},{"class":"spike","position":{"x":384,"y":1624,"z":0},"rotation":{"x":0,"y":0,"z":0},"scale":{"x":"64","y":16,"z":16}},{"class":"spike","position":{"x":432,"y":1624,"z":0},"rotation":{"x":0,"y":0,"z":0},"scale":{"x":"64","y":16,"z":16}},{"class":"spike","position":{"x":320,"y":1624,"z":0},"rotation":{"x":0,"y":0,"z":0},"scale":{"x":"64","y":16,"z":16}},{"class":"direction","position":{"x":432,"y":1560,"z":0},"rotation":{"x":0,"y":0,"z":1.5707963267948966},"scale":{"x":"96","y":"64","z":16}},{"class":"cube","position":{"x":184,"y":1584,"z":0},"rotation":{"x":0,"y":0,"z":-2.356194490192345},"scale":{"x":"8","y":"88","z":16}},{"class":"cube","position":{"x":56,"y":1032,"z":0},"rotation":{"x":0,"y":0,"z":-0.2617993877991494},"scale":{"x":16,"y":"48","z":16}},{"class":"checkpoint","position":{"x":480,"y":1656,"z":0},"rotation":{"x":0,"y":0,"z":0},"scale":{"x":16,"y":16,"z":16}},{"class":"cube","position":{"x":344,"y":2168,"z":0},"rotation":{"x":0,"y":0,"z":-1.3089969389957472},"scale":{"x":"8","y":"24","z":16}},{"class":"resize","position":{"x":320,"y":2296,"z":0},"rotation":{"x":0,"y":0,"z":0},"scale":{"x":16,"y":16,"z":16}},{"class":"cube","position":{"x":304,"y":1728,"z":0},"rotation":{"x":0,"y":0,"z":0},"scale":{"x":"96","y":16,"z":16}},{"class":"cube","position":{"x":320,"y":2288,"z":0},"rotation":{"x":0,"y":0,"z":2.356194490192345},"scale":{"x":"8","y":"16","z":16}},{"class":"cube","position":{"x":496,"y":1376,"z":0},"rotation":{"x":0,"y":0,"z":-0.2617993877991494},"scale":{"x":16,"y":"72","z":16}},{"class":"cube","position":{"x":488,"y":1352,"z":0},"rotation":{"x":0,"y":0,"z":-0.5235987755982988},"scale":{"x":16,"y":"40","z":16}},{"class":"cube","position":{"x":464,"y":1320,"z":0},"rotation":{"x":0,"y":0,"z":-1.0471975511965976},"scale":{"x":16,"y":"32","z":16}},{"class":"cube","position":{"x":480,"y":1336,"z":0},"rotation":{"x":0,"y":0,"z":-0.7853981633974483},"scale":{"x":16,"y":"32","z":16}},{"class":"cube","position":{"x":344,"y":1304,"z":0},"rotation":{"x":0,"y":0,"z":1.3089969389957472},"scale":{"x":16,"y":"56","z":16}},{"class":"cube","position":{"x":392,"y":1304,"z":0},"rotation":{"x":0,"y":0,"z":-1.5707963267948966},"scale":{"x":"16","y":"88","z":16}},{"class":"cube","position":{"x":448,"y":1312,"z":0},"rotation":{"x":0,"y":0,"z":-1.3089969389957472},"scale":{"x":16,"y":"56","z":16}},{"class":"cube","position":{"x":296,"y":1392,"z":0},"rotation":{"x":0,"y":0,"z":0.7853981633974483},"scale":{"x":16,"y":"48","z":16}},{"class":"cube","position":{"x":320,"y":1312,"z":0},"rotation":{"x":0,"y":0,"z":1.0471975511965976},"scale":{"x":16,"y":"56","z":16}},{"class":"cube","position":{"x":304,"y":1320,"z":0},"rotation":{"x":0,"y":0,"z":0.7853981633974483},"scale":{"x":16,"y":"56","z":16}},{"class":"cube","position":{"x":280,"y":1392,"z":0},"rotation":{"x":0,"y":0,"z":1.3089969389957472},"scale":{"x":16,"y":"48","z":16}},{"class":"cube","position":{"x":264,"y":1392,"z":0},"rotation":{"x":0,"y":0,"z":1.5707963267948966},"scale":{"x":16,"y":"48","z":16}},{"class":"cube","position":{"x":248,"y":1392,"z":0},"rotation":{"x":0,"y":0,"z":1.8325957145940461},"scale":{"x":16,"y":"48","z":16}},{"class":"cube","position":{"x":216,"y":1384,"z":0},"rotation":{"x":0,"y":0,"z":2.0943951023931953},"scale":{"x":16,"y":"48","z":16}},{"class":"cube","position":{"x":200,"y":1368,"z":0},"rotation":{"x":0,"y":0,"z":2.356194490192345},"scale":{"x":16,"y":"48","z":16}},{"class":"cube","position":{"x":192,"y":1360,"z":0},"rotation":{"x":0,"y":0,"z":2.6179938779914944},"scale":{"x":16,"y":"48","z":16}},{"class":"cube","position":{"x":184,"y":1344,"z":0},"rotation":{"x":0,"y":0,"z":2.8797932657906435},"scale":{"x":16,"y":"48","z":16}},{"class":"cube","position":{"x":184,"y":1304,"z":0},"rotation":{"x":0,"y":0,"z":0.2617993877991494},"scale":{"x":16,"y":"48","z":16}},{"class":"cube","position":{"x":192,"y":1280,"z":0},"rotation":{"x":0,"y":0,"z":0.5235987755982988},"scale":{"x":16,"y":"48","z":16}},{"class":"cube","position":{"x":216,"y":1240,"z":0},"rotation":{"x":0,"y":0,"z":0.5235987755982988},"scale":{"x":16,"y":"48","z":16}},{"class":"cube","position":{"x":232,"y":1224,"z":0},"rotation":{"x":0,"y":0,"z":0.7853981633974483},"scale":{"x":16,"y":"48","z":16}},{"class":"cube","position":{"x":240,"y":1216,"z":0},"rotation":{"x":0,"y":0,"z":1.0471975511965976},"scale":{"x":16,"y":"48","z":16}},{"class":"cube","position":{"x":256,"y":1208,"z":0},"rotation":{"x":0,"y":0,"z":1.3089969389957472},"scale":{"x":16,"y":"48","z":16}},{"class":"bounce","position":{"x":352,"y":1168,"z":0},"rotation":{"x":0,"y":0,"z":0},"scale":{"x":"56","y":"24","z":16}},{"class":"cube","position":{"x":312,"y":1112,"z":0},"rotation":{"x":0,"y":0,"z":0},"scale":{"x":"288","y":16,"z":16}},{"class":"cube","position":{"x":416,"y":2232,"z":0},"rotation":{"x":0,"y":0,"z":1.0471975511965976},"scale":{"x":"8","y":"32","z":16}},{"class":"cube","position":{"x":376,"y":2168,"z":0},"rotation":{"x":0,"y":0,"z":1.0471975511965976},"scale":{"x":"8","y":"24","z":16}},{"class":"cube","position":{"x":288,"y":1456,"z":0},"rotation":{"x":0,"y":0,"z":0.2617993877991494},"scale":{"x":"72","y":"8","z":16}},{"class":"spike","position":{"x":208,"y":1120,"z":0},"rotation":{"x":0,"y":0,"z":0},"scale":{"x":"48","y":"8","z":16}},{"class":"cube","position":{"x":448,"y":1176,"z":0},"rotation":{"x":0,"y":0,"z":0},"scale":{"x":"16","y":"128","z":16}},{"class":"spike","position":{"x":440,"y":1144,"z":0},"rotation":{"x":0,"y":0,"z":1.5707963267948966},"scale":{"x":"48","y":"8","z":16}},{"class":"spike","position":{"x":440,"y":1184,"z":0},"rotation":{"x":0,"y":0,"z":1.5707963267948966},"scale":{"x":"48","y":"8","z":16}},{"class":"spike","position":{"x":440,"y":1216,"z":0},"rotation":{"x":0,"y":0,"z":1.5707963267948966},"scale":{"x":"48","y":"8","z":16}},{"class":"spike","position":{"x":416,"y":1120,"z":0},"rotation":{"x":0,"y":0,"z":0},"scale":{"x":"48","y":"8","z":16}},{"class":"spike","position":{"x":376,"y":1120,"z":0},"rotation":{"x":0,"y":0,"z":0},"scale":{"x":"48","y":"8","z":16}},{"class":"spike","position":{"x":336,"y":1120,"z":0},"rotation":{"x":0,"y":0,"z":0},"scale":{"x":"48","y":"8","z":16}},{"class":"spike","position":{"x":288,"y":1120,"z":0},"rotation":{"x":0,"y":0,"z":0},"scale":{"x":"48","y":"8","z":16}},{"class":"spike","position":{"x":240,"y":1120,"z":0},"rotation":{"x":0,"y":0,"z":0},"scale":{"x":"48","y":"8","z":16}},{"class":"spike","position":{"x":192,"y":1232,"z":0},"rotation":{"x":0,"y":0,"z":-1.5707963267948966},"scale":{"x":"48","y":"8","z":16}},{"class":"spike","position":{"x":192,"y":1152,"z":0},"rotation":{"x":0,"y":0,"z":-1.5707963267948966},"scale":{"x":"48","y":"8","z":16}},{"class":"spike","position":{"x":192,"y":1192,"z":0},"rotation":{"x":0,"y":0,"z":-1.5707963267948966},"scale":{"x":"48","y":"8","z":16}},{"class":"cube","position":{"x":392,"y":1280,"z":0},"rotation":{"x":0,"y":0,"z":0},"scale":{"x":"208","y":16,"z":16}},{"class":"cube","position":{"x":288,"y":1304,"z":0},"rotation":{"x":0,"y":0,"z":0},"scale":{"x":"8","y":"64","z":16}},{"class":"cube","position":{"x":360,"y":1248,"z":0},"rotation":{"x":0,"y":0,"z":0},"scale":{"x":16,"y":"48","z":16}},{"class":"cube","position":{"x":352,"y":1720,"z":0},"rotation":{"x":0,"y":0,"z":0},"scale":{"x":16,"y":"32","z":16}},{"class":"cube","position":{"x":448,"y":1240,"z":0},"rotation":{"x":0,"y":0,"z":0.5235987755982988},"scale":{"x":16,"y":16,"z":16}},{"class":"cube","position":{"x":336,"y":1712,"z":0},"rotation":{"x":0,"y":0,"z":-2.0943951023931953},"scale":{"x":"8","y":"48","z":16}},{"class":"cube","position":{"x":464,"y":1160,"z":0},"rotation":{"x":0,"y":0,"z":0.2617993877991494},"scale":{"x":"8","y":"80","z":16}},{"class":"cube","position":{"x":480,"y":1048,"z":0},"rotation":{"x":0,"y":0,"z":0},"scale":{"x":"40","y":"48","z":16}},{"class":"cube","position":{"x":480,"y":1080,"z":0},"rotation":{"x":0,"y":0,"z":-1.0471975511965976},"scale":{"x":"8","y":"56","z":16}},{"class":"finish","position":{"x":200,"y":1072,"z":0},"rotation":{"x":0,"y":0,"z":0},"scale":{"x":16,"y":"80","z":16}},{"class":"bounce","position":{"x":336,"y":1032,"z":0},"rotation":{"x":0,"y":0,"z":0},"scale":{"x":"328","y":"16","z":16}},{"class":"cube","position":{"x":296,"y":1024,"z":0},"rotation":{"x":0,"y":0,"z":0},"scale":{"x":"432","y":16,"z":16}},{"class":"bounce","position":{"x":328,"y":1104,"z":0},"rotation":{"x":0,"y":0,"z":3.141592653589793},"scale":{"x":"248","y":"16","z":16}},{"class":"bounce","position":{"x":400,"y":1071.59848466867,"z":0},"rotation":{"x":0,"y":0,"z":0},"scale":{"x":16,"y":16,"z":16},"isStatic":false,"friction":0},{"class":"bounce","position":{"x":336,"y":1080,"z":0},"rotation":{"x":0,"y":0,"z":0},"scale":{"x":16,"y":16,"z":16},"isStatic":false,"friction":0},{"class":"bounce","position":{"x":272,"y":1071.5984846688352,"z":0},"rotation":{"x":0,"y":0,"z":0},"scale":{"x":16,"y":16,"z":16},"isStatic":false,"friction":0},{"class":"cube","position":{"x":0,"y":1032,"z":0},"rotation":{"x":0,"y":0,"z":0.5235987755982988},"scale":{"x":16,"y":"48","z":16}},{"class":"cube","position":{"x":168,"y":2336,"z":0},"rotation":{"x":0,"y":0,"z":0},"scale":{"x":16,"y":16,"z":16},"isStatic":false,"friction":1},{"class":"cube","position":{"x":184,"y":2336,"z":0},"rotation":{"x":0,"y":0,"z":0},"scale":{"x":16,"y":16,"z":16},"isStatic":false,"friction":1},{"class":"cube","position":{"x":168,"y":2320,"z":0},"rotation":{"x":0,"y":0,"z":0},"scale":{"x":16,"y":16,"z":16},"isStatic":false,"friction":1},{"class":"cube","position":{"x":184,"y":2320,"z":0},"rotation":{"x":0,"y":0,"z":0},"scale":{"x":16,"y":16,"z":16},"isStatic":false,"friction":1},{"class":"cube","position":{"x":168,"y":2304,"z":0},"rotation":{"x":0,"y":0,"z":0},"scale":{"x":16,"y":16,"z":16},"isStatic":false,"friction":1},{"class":"cube","position":{"x":184,"y":2304,"z":0},"rotation":{"x":0,"y":0,"z":0},"scale":{"x":16,"y":16,"z":16},"isStatic":false,"friction":1},{"class":"spike","position":{"x":-48,"y":1016,"z":0},"rotation":{"x":0,"y":0,"z":1.5707963267948966},"scale":{"x":"40","y":"8","z":16}},{"class":"spike","position":{"x":-48,"y":1056,"z":0},"rotation":{"x":0,"y":0,"z":1.5707963267948966},"scale":{"x":"40","y":"8","z":16}},{"class":"spike","position":{"x":-48,"y":1096,"z":0},"rotation":{"x":0,"y":0,"z":1.5707963267948966},"scale":{"x":"40","y":"8","z":16}},{"class":"spike","position":{"x":-48,"y":1136,"z":0},"rotation":{"x":0,"y":0,"z":1.5707963267948966},"scale":{"x":"40","y":"8","z":16}},{"class":"spike","position":{"x":-48,"y":1176,"z":0},"rotation":{"x":0,"y":0,"z":1.5707963267948966},"scale":{"x":"40","y":"8","z":16}},{"class":"spike","position":{"x":-48,"y":1296,"z":0},"rotation":{"x":0,"y":0,"z":1.5707963267948966},"scale":{"x":"40","y":"8","z":16}},{"class":"spike","position":{"x":-48,"y":1216,"z":0},"rotation":{"x":0,"y":0,"z":1.5707963267948966},"scale":{"x":"40","y":"8","z":16}},{"class":"spike","position":{"x":-48,"y":1256,"z":0},"rotation":{"x":0,"y":0,"z":1.5707963267948966},"scale":{"x":"40","y":"8","z":16}},{"class":"cube","position":{"x":-112,"y":904,"z":0},"rotation":{"x":0,"y":0,"z":0},"scale":{"x":"256","y":16,"z":16}},{"class":"grapple","position":{"x":-264,"y":904,"z":0},"rotation":{"x":0,"y":0,"z":0},"scale":{"x":"56","y":16,"z":16}},{"class":"cube","position":{"x":-504,"y":1040,"z":0},"rotation":{"x":0,"y":0,"z":0},"scale":{"x":16,"y":16,"z":16},"text":"Do not touch the spikes!"},{"class":"tip","position":{"x":-976,"y":912,"z":0},"rotation":{"x":0,"y":0,"z":0},"scale":{"x":16,"y":"280","z":16},"text":"Theres a way to beat this level in under 5 seconds, gravity can be quite pushy. Instagram-> @reku_nights"},{"class":"cube","position":{"x":-24,"y":1000,"z":0},"rotation":{"x":0,"y":0,"z":-0.2617993877991494},"scale":{"x":"32","y":"8","z":16}},{"class":"cube","position":{"x":56,"y":2584,"z":0},"rotation":{"x":0,"y":0,"z":0},"scale":{"x":"8","y":"224","z":16}},{"class":"cube","position":{"x":8,"y":2584,"z":0},"rotation":{"x":0,"y":0,"z":0},"scale":{"x":"16","y":"224","z":16}},{"class":"cube","position":{"x":32,"y":2688,"z":0},"rotation":{"x":0,"y":0,"z":0},"scale":{"x":"64","y":16,"z":16}},{"class":"cube","position":{"x":160,"y":2048,"z":0},"rotation":{"x":0,"y":0,"z":0},"scale":{"x":16,"y":"56","z":16}},{"class":"spike","position":{"x":-112,"y":440,"z":0},"rotation":{"x":0,"y":0,"z":0},"scale":{"x":"128","y":"32","z":16}},{"class":"spike","position":{"x":-920,"y":440,"z":0},"rotation":{"x":0,"y":0,"z":0},"scale":{"x":"128","y":"32","z":16}},{"class":"spike","position":{"x":-792,"y":440,"z":0},"rotation":{"x":0,"y":0,"z":0},"scale":{"x":"128","y":"32","z":16}},{"class":"spike","position":{"x":-656,"y":440,"z":0},"rotation":{"x":0,"y":0,"z":0},"scale":{"x":"128","y":"32","z":16}},{"class":"spike","position":{"x":-520,"y":440,"z":0},"rotation":{"x":0,"y":0,"z":0},"scale":{"x":"128","y":"32","z":16}},{"class":"spike","position":{"x":-384,"y":440,"z":0},"rotation":{"x":0,"y":0,"z":0},"scale":{"x":"128","y":"32","z":16}},{"class":"spike","position":{"x":-248,"y":440,"z":0},"rotation":{"x":0,"y":0,"z":0},"scale":{"x":"128","y":"32","z":16}},{"class":"cube","position":{"x":-808,"y":408,"z":0},"rotation":{"x":0,"y":0,"z":0},"scale":{"x":"512","y":"32","z":16}},{"class":"cube","position":{"x":-304,"y":408,"z":0},"rotation":{"x":0,"y":0,"z":0},"scale":{"x":"512","y":"32","z":16}},{"class":"cube","position":{"x":-1048,"y":1040,"z":0},"rotation":{"x":0,"y":0,"z":-1.5707963267948966},"scale":{"x":"512","y":"32","z":16}},{"class":"cube","position":{"x":-1048,"y":672,"z":0},"rotation":{"x":0,"y":0,"z":-1.5707963267948966},"scale":{"x":"512","y":"32","z":16}},{"class":"spike","position":{"x":-1016,"y":1264,"z":0},"rotation":{"x":0,"y":0,"z":-1.5707963267948966},"scale":{"x":"128","y":"32","z":16}},{"class":"spike","position":{"x":-1016,"y":496,"z":0},"rotation":{"x":0,"y":0,"z":-1.5707963267948966},"scale":{"x":"128","y":"32","z":16}},{"class":"spike","position":{"x":-1016,"y":624,"z":0},"rotation":{"x":0,"y":0,"z":-1.5707963267948966},"scale":{"x":"128","y":"32","z":16}},{"class":"spike","position":{"x":-1016,"y":760,"z":0},"rotation":{"x":0,"y":0,"z":-1.5707963267948966},"scale":{"x":"128","y":"32","z":16}},{"class":"spike","position":{"x":-1016,"y":880,"z":0},"rotation":{"x":0,"y":0,"z":-1.5707963267948966},"scale":{"x":"128","y":"32","z":16}},{"class":"spike","position":{"x":-1016,"y":1016,"z":0},"rotation":{"x":0,"y":0,"z":-1.5707963267948966},"scale":{"x":"128","y":"32","z":16}},{"class":"spike","position":{"x":-1016,"y":1152,"z":0},"rotation":{"x":0,"y":0,"z":-1.5707963267948966},"scale":{"x":"128","y":"32","z":16}},{"class":"spike","position":{"x":208,"y":1088,"z":0},"rotation":{"x":0,"y":0,"z":-2.356194490192345},"scale":{"x":16,"y":"8","z":16}},{"class":"bounce","position":{"x":208,"y":1032,"z":0},"rotation":{"x":0,"y":0,"z":-0.7853981633974483},"scale":{"x":16,"y":16,"z":16}},{"class":"cube","position":{"x":0,"y":1000,"z":0},"rotation":{"x":0,"y":0,"z":0.2617993877991494},"scale":{"x":"32","y":"8","z":16}},{"class":"tip","position":{"x":32,"y":2656,"z":0},"rotation":{"x":0,"y":0,"z":0},"scale":{"x":16,"y":16,"z":16},"text":"Welcome to the top! wonder whats at the bottom :/"},{"class":"tip","position":{"x":72,"y":888,"z":0},"rotation":{"x":0,"y":0,"z":0},"scale":{"x":16,"y":16,"z":16},"text":"Wu- howd u get here.. i wonder what else there is when crushed by the gate :/"},{"class":"cube","position":{"x":72,"y":1024,"z":0},"rotation":{"x":0,"y":0,"z":0},"scale":{"x":16,"y":16,"z":16}}]}